{
  "__type__": "cc.Skeleton",
  "_name": "Skin-0",
  "_objFlags": 0,
  "_native": "",
  "_joints": [
    "RootNode/Root_M/Body_M/joint1_M/lid_M"
  ],
  "_bindposes": [
    {
      "__type__": "cc.Mat4",
      "m00": 1,
      "m01": 6.246789752140103e-10,
      "m02": 0,
      "m03": 0,
      "m04": -6.246789752140103e-10,
      "m05": 1,
      "m06": 1.9746999868619497e-10,
      "m07": 0,
      "m08": 1.2335536387380456e-19,
      "m09": -1.9746999868619497e-10,
      "m10": 1,
      "m11": 0,
      "m12": -0.000007018229553068522,
      "m13": -0.12915514409542084,
      "m14": -0.07858172804117203,
      "m15": 1
    }
  ],
  "_hash": 2414952129
}