{
  "__type__": "cc.Skeleton",
  "_name": "Skin-0",
  "_objFlags": 0,
  "_native": "",
  "_joints": [
    "Root_M",
    "Root_M/Spine1_M",
    "Root_M/Spine1_M/Spine2_M",
    "Root_M/Spine1_M/Spine2_M/Chest_M",
    "Root_M/Spine1_M/Spine2_M/Chest_M/Neck_M",
    "Root_M/Spine1_M/Spine2_M/Chest_M/Neck_M/Head_M",
    "Root_M/Spine1_M/Spine2_M/Chest_M/Neck_M/Head_M/HeadEnd_M",
    "Root_M/Spine1_M/Spine2_M/Chest_M/Scapula_R",
    "Root_M/Spine1_M/Spine2_M/Chest_M/Scapula_R/Shoulder_R",
    "Root_M/Spine1_M/Spine2_M/Chest_M/Scapula_R/Shoulder_R/Elbow_R",
    "Root_M/Spine1_M/Spine2_M/Chest_M/Scapula_R/Shoulder_R/Elbow_R/Wrist_R",
    "Root_M/Spine1_M/Spine2_M/Chest_M/Scapula_L",
    "Root_M/Spine1_M/Spine2_M/Chest_M/Scapula_L/Shoulder_L",
    "Root_M/Spine1_M/Spine2_M/Chest_M/Scapula_L/Shoulder_L/Elbow_L",
    "Root_M/Spine1_M/Spine2_M/Chest_M/Scapula_L/Shoulder_L/Elbow_L/Wrist_L",
    "Root_M/Spine1_M/Belly1_M",
    "Root_M/buttock_L",
    "Root_M/joint1_R",
    "Root_M/joint2_L",
    "Root_M/Hip_R",
    "Root_M/Hip_R/Knee_R",
    "Root_M/Hip_R/Knee_R/Ankle_R",
    "Root_M/Hip_R/Knee_R/Ankle_R/Toes_R",
    "Root_M/Hip_R/Knee_R/Ankle_R/Toes_R/ToesEnd_R",
    "Root_M/Hip_L",
    "Root_M/Hip_L/Knee_L",
    "Root_M/Hip_L/Knee_L/Ankle_L",
    "Root_M/Hip_L/Knee_L/Ankle_L/Toes_L",
    "Root_M/Hip_L/Knee_L/Ankle_L/Toes_L/ToesEnd_L"
  ],
  "_bindposes": [
    {
      "__type__": "cc.Mat4",
      "m00": 1.7312852170426692e-17,
      "m01": -1.6660825398220543e-17,
      "m02": 0.061161383986473083,
      "m03": 0,
      "m04": 0.06111634522676468,
      "m05": 0.0023467650171369314,
      "m06": -1.6660825398220543e-17,
      "m07": 0,
      "m08": -0.0023467650171369314,
      "m09": 0.06111634522676468,
      "m10": 1.7312852170426692e-17,
      "m11": 0,
      "m12": -0.12810871005058289,
      "m13": 0.013055797666311264,
      "m14": 3.72629447308521e-17,
      "m15": 1
    },
    {
      "__type__": "cc.Mat4",
      "m00": 1.732177744923614e-17,
      "m01": -1.6961245816171227e-17,
      "m02": 0.061161383986473083,
      "m03": 0,
      "m04": 0.06114785745739937,
      "m05": 0.0012862480944022536,
      "m06": -1.6961245816171227e-17,
      "m07": 0,
      "m08": -0.0012862480944022536,
      "m09": 0.06114785745739937,
      "m10": 1.732177744923614e-17,
      "m11": 0,
      "m12": -0.17510776221752167,
      "m13": 0.016095751896500587,
      "m14": 4.3728241338125766e-17,
      "m15": 1
    },
    {
      "__type__": "cc.Mat4",
      "m00": 1.732509278913125e-17,
      "m01": -1.71916917173836e-17,
      "m02": 0.061161383986473083,
      "m03": 0,
      "m04": 0.06115955859422684,
      "m05": 0.00047274792450480163,
      "m06": -1.71916917173836e-17,
      "m07": 0,
      "m08": -0.00047274792450480163,
      "m09": 0.06115955859422684,
      "m10": 1.732509278913125e-17,
      "m11": 0,
      "m12": -0.2278575748205185,
      "m13": 0.01912839710712433,
      "m14": 4.012053280114514e-17,
      "m15": 1
    },
    {
      "__type__": "cc.Mat4",
      "m00": 1.7296404511126687e-17,
      "m01": -1.8331167752761122e-17,
      "m02": 0.061161383986473083,
      "m03": 0,
      "m04": 0.06105828657746315,
      "m05": -0.0035497364588081837,
      "m06": -1.8331167752761122e-17,
      "m07": 0,
      "m08": 0.0035497364588081837,
      "m09": 0.06105828657746315,
      "m10": 1.7296404511126687e-17,
      "m11": 0,
      "m12": -0.27932196855545044,
      "m13": 0.03757614269852638,
      "m14": 1.416449357120901e-17,
      "m15": 1
    },
    {
      "__type__": "cc.Mat4",
      "m00": 1.7285351723781754e-17,
      "m01": -1.8506032079893607e-17,
      "m02": 0.061161383986473083,
      "m03": 0,
      "m04": 0.06101926416158676,
      "m05": -0.004167025908827782,
      "m06": -1.8506032079893607e-17,
      "m07": 0,
      "m08": 0.004167025908827782,
      "m09": 0.06101926416158676,
      "m10": 1.7285351723781754e-17,
      "m11": 0,
      "m12": -0.32887953519821167,
      "m13": 0.04090413078665733,
      "m14": -2.4014429610953682e-17,
      "m15": 1
    },
    {
      "__type__": "cc.Mat4",
      "m00": 1.7324950514065892e-17,
      "m01": -1.7476733193385698e-17,
      "m02": 0.061161383986473083,
      "m03": 0,
      "m04": 0.061159055680036545,
      "m05": -0.0005334848538041115,
      "m06": -1.7476733193385698e-17,
      "m07": 0,
      "m08": 0.0005334848538041115,
      "m09": 0.061159055680036545,
      "m10": 1.7324950514065892e-17,
      "m11": 0,
      "m12": -0.3993804454803467,
      "m13": 0.01720064878463745,
      "m14": -1.0743608407784915e-16,
      "m15": 1
    },
    {
      "__type__": "cc.Mat4",
      "m00": 1.7324950514065892e-17,
      "m01": -1.7476733193385698e-17,
      "m02": 0.061161383986473083,
      "m03": 0,
      "m04": 0.061159055680036545,
      "m05": -0.0005334848538041115,
      "m06": -1.7476733193385698e-17,
      "m07": 0,
      "m08": 0.0005334848538041115,
      "m09": 0.061159055680036545,
      "m10": 1.7324950514065892e-17,
      "m11": 0,
      "m12": -0.5204132795333862,
      "m13": 0.01720064878463745,
      "m14": -6.512046870261695e-17,
      "m15": 1
    },
    {
      "__type__": "cc.Mat4",
      "m00": -0.061161383986473083,
      "m01": -0.000011138887202832848,
      "m02": -0.000006972285518713761,
      "m03": 0,
      "m04": -0.0000063600750763725955,
      "m05": -0.0033055718522518873,
      "m06": 0.06107199192047119,
      "m07": 0,
      "m08": -0.000011499435458972584,
      "m09": 0.06107198819518089,
      "m10": 0.0033055704552680254,
      "m11": 0,
      "m12": -0.03706417977809906,
      "m13": 0.023923588916659355,
      "m14": -0.29868701100349426,
      "m15": 1
    },
    {
      "__type__": "cc.Mat4",
      "m00": -0.06115031987428665,
      "m01": -0.0011633423855528235,
      "m02": 1.5818014276192116e-7,
      "m03": 0,
      "m04": 0.00006303902773652226,
      "m05": -0.003305300371721387,
      "m06": 0.0610719732940197,
      "m07": 0,
      "m08": -0.0011616331757977605,
      "m09": 0.06106092408299446,
      "m10": 0.003305901540443301,
      "m11": 0,
      "m12": -0.06198154389858246,
      "m13": 0.02276158519089222,
      "m14": -0.2986797094345093,
      "m15": 1
    },
    {
      "__type__": "cc.Mat4",
      "m00": -0.061147384345531464,
      "m01": 0.001308581791818142,
      "m02": 1.5818014276192116e-7,
      "m03": 0,
      "m04": -0.00007057368202367797,
      "m05": -0.0033051481004804373,
      "m06": 0.0610719732940197,
      "m07": 0,
      "m08": 0.0013066773535683751,
      "m09": 0.06105799227952957,
      "m10": 0.003305901540443301,
      "m11": 0,
      "m12": -0.15431945025920868,
      "m13": 0.02902105823159218,
      "m14": -0.2986797094345093,
      "m15": 1
    },
    {
      "__type__": "cc.Mat4",
      "m00": -0.061147384345531464,
      "m01": 0.001308581791818142,
      "m02": 1.5818014276192116e-7,
      "m03": 0,
      "m04": -0.00007057368202367797,
      "m05": -0.0033051481004804373,
      "m06": 0.0610719732940197,
      "m07": 0,
      "m08": 0.0013066773535683751,
      "m09": 0.06105799227952957,
      "m10": 0.003305901540443301,
      "m11": 0,
      "m12": -0.23592904210090637,
      "m13": 0.02902105823159218,
      "m14": -0.2986797094345093,
      "m15": 1
    },
    {
      "__type__": "cc.Mat4",
      "m00": -0.061161383986473083,
      "m01": -0.000011139949492644519,
      "m02": -0.000006972950814088108,
      "m03": 0,
      "m04": 0.000006360681709338678,
      "m05": 0.0033055716194212437,
      "m06": -0.06107199192047119,
      "m07": 0,
      "m08": 0.000011500532309582923,
      "m09": -0.06107198819518089,
      "m10": -0.0033055702224373817,
      "m11": 0,
      "m12": 0.03706417977809906,
      "m13": -0.023923587054014206,
      "m14": 0.29868701100349426,
      "m15": 1
    },
    {
      "__type__": "cc.Mat4",
      "m00": -0.06115031987428665,
      "m01": -0.00116334343329072,
      "m02": 1.575152452915063e-7,
      "m03": 0,
      "m04": -0.00006303841655608267,