{
  "__type__": "cc.Skeleton",
  "_name": "Skin-4",
  "_objFlags": 0,
  "_native": "",
  "_joints": [
    "RootNode/Root_M/Spine1_M/Chest_M/Scapula_R",
    "RootNode/Root_M/Spine1_M/Chest_M/Scapula_L"
  ],
  "_bindposes": [
    {
      "__type__": "cc.Mat4",
      "m00": -0.6120070219039917,
      "m01": -0.004866079892963171,
      "m02": -0.7908369898796082,
      "m03": 0,
      "m04": -0.7908399701118469,
      "m05": -0.0018139197491109371,
      "m06": 0.6120200157165527,
      "m07": 0,
      "m08": -0.004412652924656868,
      "m09": 0.999987006187439,
      "m10": -0.0027381565887480974,
      "m11": 0,
      "m12": 0.8001249432563782,
      "m13": -0.009288489818572998,
      "m14": -2.467174530029297,
      "m15": 1
    },
    {
      "__type__": "cc.Mat4",
      "m00": -0.6120070219039917,
      "m01": -0.004866079892963171,
      "m02": -0.7908369898796082,
      "m03": 0,
      "m04": 0.7908399701118469,
      "m05": 0.0018139197491109371,
      "m06": -0.6120200157165527,
      "m07": 0,
      "m08": 0.004412652924656868,
      "m09": -0.999987006187439,
      "m10": 0.0027381565887480974,
      "m11": 0,
      "m12": -0.8001249432563782,
      "m13": 0.009288500063121319,
      "m14": 2.467174530029297,
      "m15": 1
    }
  ],
  "_hash": 1231728882
}