{
  "__type__": "cc.Skeleton",
  "_name": "Skin-3",
  "_objFlags": 0,
  "_native": "",
  "_joints": [
    "Root_M/Tail0_M/Tail1_M",
    "Root_M/Tail0_M/Tail1_M/Tail2_M/Tail3_M",
    "Root_M/Tail0_M/Tail1_M/Tail2_M/Tail3_M/Tail4_M",
    "Root_M/Tail0_M/Tail1_M/Tail2_M/Tail3_M/Tail4_M/Tail5_M",
    "Root_M/Tail0_M/Tail1_M/Tail2_M/Tail3_M/Tail4_M/Tail5_M/Tail6_M",
    "Root_M/RootPart1_M/RootPart2_M",
    "Root_M/RootPart1_M/RootPart2_M/Spine2_M/Chest_M",
    "Root_M/RootPart1_M/RootPart2_M/Spine2_M/Chest_M/Neck_M",
    "Root_M/RootPart1_M/RootPart2_M/Spine2_M/Chest_M/Neck_M/NeckPart1_M",
    "Root_M/RootPart1_M/RootPart2_M/Spine2_M/Chest_M/Neck_M/NeckPart1_M/Head_M",
    "Root_M/RootPart1_M/RootPart2_M/Spine2_M/Chest_M/Neck_M/NeckPart1_M/Head_M/HeadEnd_M",
    "Root_M/RootPart1_M/RootPart2_M/Spine2_M/Chest_M/Neck_M/NeckPart1_M/Head_M/Jaw_M",
    "Root_M/RootPart1_M/RootPart2_M/Spine2_M/Chest_M/Neck_M/NeckPart1_M/Head_M/Jaw_M/JawEnd_M",
    "Root_M/RootPart1_M/RootPart2_M/Spine2_M/Chest_M/Scapula_R",
    "Root_M/RootPart1_M/RootPart2_M/Spine2_M/Chest_M/Scapula_L"
  ],
  "_bindposes": [
    {
      "__type__": "cc.Mat4",
      "m00": 1.368354318742604e-8,
      "m01": 5.1556670044305974e-9,
      "m02": -1,
      "m03": 0,
      "m04": 0.6453080177307129,
      "m05": -0.7639229893684387,
      "m06": 4.891563598619086e-9,
      "m07": 0,
      "m08": -0.7639229893684387,
      "m09": -0.6453080177307129,
      "m10": -1.378015657138576e-8,
      "m11": 0,
      "m12": -0.019863199442625046,
      "m13": 0.007571079768240452,
      "m14": -9.91303428232726e-11,
      "m15": 1
    },
    {
      "__type__": "cc.Mat4",
      "m00": 8.824710739929742e-9,
      "m01": 1.1659502696659274e-8,
      "m02": -1,
      "m03": 0,
      "m04": 0.953311026096344,
      "m05": -0.30199098587036133,
      "m06": 4.891627103376095e-9,
      "m07": 0,
      "m08": -0.30199098587036133,
      "m09": -0.953311026096344,
      "m10": -1.3780109497929516e-8,
      "m11": 0,
      "m12": -0.02638522908091545,
      "m13": -0.006823949981480837,
      "m14": -1.0413507556261692e-10,
      "m15": 1
    },
    {
      "__type__": "cc.Mat4",
      "m00": 7.242134003604406e-9,
      "m01": 1.2703201157648891e-8,
      "m02": -1,
      "m03": 0,
      "m04": 0.9843689799308777,
      "m05": -0.17612099647521973,
      "m06": 4.891627103376095e-9,
      "m07": 0,
      "m08": -0.17612099647521973,
      "m09": -0.9843689799308777,
      "m10": -1.3780116603356873e-8,
      "m11": 0,
      "m12": -0.028065010905265808,
      "m13": -0.010543400421738625,
      "m14": -1.1071417393981875e-10,
      "m15": 1
    },
    {
      "__type__": "cc.Mat4",
      "m00": 4.554238763887497e-9,
      "m01": 1.3895300021715684e-8,
      "m02": -1,
      "m03": 0,
      "m04": 0.9997029900550842,
      "m05": 0.024378500878810883,
      "m06": 4.891630656089774e-9,
      "m07": 0,
      "m08": 0.024378500878810883,
      "m09": -0.9997029900550842,
      "m10": -1.3780142360531045e-8,
      "m11": 0,
      "m12": -0.028023039922118187,
      "m13": -0.01648310013115406,
      "m14": -1.180176928405885e-10,
      "m15": 1
    },
    {
      "__type__": "cc.Mat4",
      "m00": 4.554238763887497e-9,
      "m01": 1.3895300021715684e-8,
      "m02": -1,
      "m03": 0,
      "m04": 0.9997029900550842,
      "m05": 0.024378500878810883,
      "m06": 4.891630656089774e-9,
      "m07": 0,
      "m08": 0.024378500878810883,
      "m09": -0.9997029900550842,
      "m10": -1.3780142360531045e-8,
      "m11": 0,
      "m12": -0.031048890203237534,
      "m13": -0.01648310013115406,
      "m14": -1.2770669244321908e-10,
      "m15": 1
    },
    {
      "__type__": "cc.Mat4",
      "m00": -1.4622564492583479e-8,
      "m01": 9.991857466201334e-14,
      "m02": 1,
      "m03": 0,
      "m04": -0.334526002407074,
      "m05": -0.9423869848251343,
      "m06": -4.891529403749928e-9,
      "m07": 0,
      "m08": 0.9423869848251343,
      "m09": -0.334526002407074,
      "m10": 1.3780135255103687e-8,
      "m11": 0,
      "m12": 0.005665639881044626,
      "m13": 0.012238300405442715,
      "m14": 1.4324269548282587e-10,
      "m15": 1
    },
    {
      "__type__": "cc.Mat4",
      "m00": -1.3905882667586411e-8,
      "m01": -4.521021779169132e-9,
      "m02": 1,
      "m03": 0,
      "m04": -0.02671949937939644,
      "m05": -0.9996430277824402,
      "m06": -4.890965854542628e-9,
      "m07": 0,
      "m08": 0.9996430277824402,
      "m09": -0.02671949937939644,
      "m10": 1.3780117491535293e-8,
      "m11": 0,
      "m12": -0.005804460030049086,
      "m13": 0.012557229958474636,
      "m14": 1.432356594444073e-10,
      "m15": 1
    },
    {
      "__type__": "cc.Mat4",
      "m00": 2.6738802283432506e-9,
      "m01": -1.4375999946025786e-8,
      "m02": 1,
      "m03": 0,
      "m04": 0.987667977809906,
      "m05": -0.1565610021352768,
      "m06": -4.891629767911354e-9,
      "m07": 0,
      "m08": 0.1565610021352768,
      "m09": 0.987667977809906,
      "m10": 1.378009795161006e-8,
      "m11": 0,
      "m12": -0.016659319400787354,
      "m13": -0.006594500038772821,
      "m14": 1.432440138726676e-10,
      "m15": 1
    },
    {
      "__type__": "cc.Mat4",
      "m00": 2.6738802283432506e-9,
      "m01": -1.4375999946025786e-8,
      "m02": 1,
      "m03": 0,
      "m04": 0.987667977809906,
      "m05": -0.1565610021352768,
      "m06": -4.891629767911354e-9,
      "m07": 0,
      "m08": 0.1565610021352768,
      "m09": 0.987667977809906,
      "m10": 1.378009795161006e-8,
      "m11": 0,
      "m12": -0.02249862067401409,
      "m13": -0.006594500038772821,
      "m14": 1.1426301571582087e-10,
      "m15": 1
    },
    {
      "__type__": "cc.Mat4",
      "m00": 4.3289900553133975e-9,
      "m01": -1.3967099476985823e-8,
      "m02": 1,
      "m03": 0,
      "m04": 0.9991779923439026,
      "m05": -0.04053809866309166,
      "m06": -4.891631100178984e-9,
      "m07": 0,
      "m08": 0.04053809866309166,
      "m09": 0.9991779923439026,
      "m10": 1.378012903785475e-8,
      "m11": 0,
      "m12": -0.027377750724554062,
      "m13": -0.009848039597272873,
      "m14": 4.0910809462335607e-11,
      "m15": 1
    },
    {
      "__type__": "cc.Mat4",
      "m00": 4.3289900553133975e-9,
      "m01": -1.3967099476985823e-8,
      "m02": 1,
      "m03": 0,
      "m04": 0.9991779923439026,
      "m05": -0.04053809866309166,
      "m06": -4.891631100178984e-9,
      "m07": 0,
      "m08": 0.04053809866309166,
      "m09": 0.9991779923439026,
      "m10": 1.378012903785475e-8,
      "m11": 0,
      "m12": -0.042473018169403076,
      "m13": -0.009848039597272873,
      "m14": 4.0910805992888655e-11,
      "m15": 1
    },
    {
      "__type__": "cc.Mat4",
      "m00": -1.4613597443258186e-8,
      "m01": -5.118049317687223e-10,
      "m02": 1,
      "m03": 0,
      "m04": -0.30133599042892456,
      "m05": -0.9535179734230042,
      "m06": -4.891618665681108e-9,
      "m07": 0,
      "m08": 0.9535179734230042,
      "m09": -0.30133599042892456,
      "m10": 1.3780104168858998e-8,
      "m11": 0,
      "m12": -0.005687799770385027,
      "m13": 0.022578949108719826,
      "m14": 4.0910826809570366e-11,
      "m15": 1
    },
    {
      "__type__": "cc.Mat4",
      "m00": -1.4613597443258186e-8,
      "m01": -5.118049317687223e-10,
      "m02": 1,
      "m03": 0,
      "m04": -0.30133599042892456,
      "m05": -0.9535179734230042,
      "m06": -4.891618665681108e-9,
      "m07": 0,
      "m08": 0.9535179734230042,
      "m09": -0.30133599042892456,
      "m10": 1.3780104168858998e-8,
      "m11": 0,
      "m12": -0.01713244989514351,
      "m13": 0.022578949108719826,
      "m14": 4.0910823340123414e-11,
      "m15": 1
    },
    {
      "__type__": "cc.Mat4",
      "m00": -0.5131128430366516,
      "m01": -3.031340156667284e-8,
      "m02": -0.8583210110664368,
      "m03": 0,
      "m04": -0.8443281054496765,
      "m05": 0.17983601987361908,
      "m06": 0.5047469735145569,
      "m07": 0,