{
  "__type__": "cc.Skeleton",
  "_name": "Skin-0",
  "_objFlags": 0,
  "_native": "",
  "_joints": [
    "RootNode/Root_M/backWheel_R",
    "RootNode/Root_M/backWheel_L"
  ],
  "_bindposes": [
    {
      "__type__": "cc.Mat4",
      "m00": -1,
      "m01": 2.5572458308364097e-15,
      "m02": 2.2170892576803443e-15,
      "m03": 0,
      "m04": 2.3429107080390503e-15,
      "m05": 0.9957771301269531,
      "m06": -0.09180339425802231,
      "m07": 0,
      "m08": -2.4424906541753444e-15,
      "m09": -0.09180339425802231,
      "m10": -0.9957771301269531,
      "m11": 0,
      "m12": -0.03011426143348217,
      "m13": -0.016166601330041885,
      "m14": -0.04586832597851753,
      "m15": 1
    },
    {
      "__type__": "cc.Mat4",
      "m00": -1,
      "m01": -3.479046384313733e-8,
      "m02": -8.020203523528835e-8,
      "m03": 0,
      "m04": 8.742277657347586e-8,
      "m05": -0.3979564905166626,
      "m06": -0.917404294013977,
      "m07": 0,
      "m08": -4.440893686687402e-16,
      "m09": -0.917404294013977,
      "m10": 0.3979564905166626,
      "m11": 0,
      "m12": 0.03011425957083702,
      "m13": -0.03853296861052513,
      "m14": 0.029672754928469658,
      "m15": 1
    }
  ],
  "_hash": 1884521817
}