{
  "__type__": "cc.Skeleton",
  "_name": "Skin-1",
  "_objFlags": 0,
  "_native": "",
  "_joints": [
    "RootNode/Root_M/frontWheel_L",
    "RootNode/Root_M/frontWheel_R"
  ],
  "_bindposes": [
    {
      "__type__": "cc.Mat4",
      "m00": -1,
      "m01": 2.7926256862542687e-8,
      "m02": -8.284241204137288e-8,
      "m03": 0,
      "m04": 8.742277657347586e-8,
      "m05": 0.3194391429424286,
      "m06": -0.9476068019866943,
      "m07": 0,
      "m08": -4.163337930531113e-16,
      "m09": -0.9476068019866943,
      "m10": -0.3194391429424286,
      "m11": 0,
      "m12": 0.03011425957083702,
      "m13": 0.04065199941396713,
      "m14": 0.02624855376780033,
      "m15": 1
    },
    {
      "__type__": "cc.Mat4",
      "m00": -1,
      "m01": 1.0530368657407033e-15,
      "m02": -3.1745888537837615e-15,
      "m03": 0,
      "m04": 2.3429107080390503e-15,
      "m05": -0.4568295478820801,
      "m06": -0.8895542621612549,
      "m07": 0,
      "m08": -2.3869795029440866e-15,
      "m09": -0.8895542621612549,
      "m10": 0.4568295478820801,
      "m11": 0,
      "m12": -0.03011426143348217,
      "m13": 0.04715679958462715,
      "m14": -0.010853924788534641,
      "m15": 1
    }
  ],
  "_hash": 2922601106
}