{
  "__type__": "cc.Skeleton",
  "_name": "Skin-3",
  "_objFlags": 0,
  "_native": "",
  "_joints": [
    "RootNode/Root_M/Spine1_M/Spine2_M/Chest_M/Neck_M/Head_M"
  ],
  "_bindposes": [
    {
      "__type__": "cc.Mat4",
      "m00": 2.83266161119102e-16,
      "m01": -2.857478353056591e-16,
      "m02": 1,
      "m03": 0,
      "m04": 0.9999619722366333,
      "m05": -0.008722576312720776,
      "m06": -2.857478353056591e-16,
      "m07": 0,
      "m08": 0.008722576312720776,
      "m09": 0.9999619722366333,
      "m10": 2.83266161119102e-16,
      "m11": 0,
      "m12": -0.3995170593261719,
      "m13": 0.0015381244011223316,
      "m14": -1.1187290883001618e-16,
      "m15": 1
    }
  ],
  "_hash": 3310967661
}