{
  "__type__": "cc.Skeleton",
  "_name": "Skin-2",
  "_objFlags": 0,
  "_native": "",
  "_joints": [
    "Root_M",
    "Root_M/Spine1_M",
    "Root_M/Spine1_M/Spine2_M",
    "Root_M/Spine1_M/Spine2_M/Chest_M",
    "Root_M/Spine1_M/Spine2_M/Chest_M/Neck_M",
    "Root_M/Spine1_M/Spine2_M/Chest_M/Neck_M/Head_M",
    "Root_M/Spine1_M/Spine2_M/Chest_M/Neck_M/Head_M/HeadEnd_M",
    "Root_M/Spine1_M/Spine2_M/Chest_M/Scapula_R",
    "Root_M/Spine1_M/Spine2_M/Chest_M/Scapula_R/Shoulder_R",
    "Root_M/Spine1_M/Spine2_M/Chest_M/Scapula_R/Shoulder_R/Elbow_R",
    "Root_M/Spine1_M/Spine2_M/Chest_M/Scapula_R/Shoulder_R/Elbow_R/Wrist_R",
    "Root_M/Spine1_M/Spine2_M/Chest_M/Scapula_L",
    "Root_M/Spine1_M/Spine2_M/Chest_M/Scapula_L/Shoulder_L",
    "Root_M/Spine1_M/Spine2_M/Chest_M/Scapula_L/Shoulder_L/Elbow_L",
    "Root_M/Spine1_M/Spine2_M/Chest_M/Scapula_L/Shoulder_L/Elbow_L/Wrist_L",
    "Root_M/Spine1_M/Belly1_M",
    "Root_M/buttock_L",
    "Root_M/joint1_R",
    "Root_M/joint2_L",
    "Root_M/Hip_R",
    "Root_M/Hip_R/Knee_R",
    "Root_M/Hip_R/Knee_R/Ankle_R",
    "Root_M/Hip_R/Knee_R/Ankle_R/Toes_R",
    "Root_M/Hip_R/Knee_R/Ankle_R/Toes_R/ToesEnd_R",
    "Root_M/Hip_L",
    "Root_M/Hip_L/Knee_L",
    "Root_M/Hip_L/Knee_L/Ankle_L",
    "Root_M/Hip_L/Knee_L/Ankle_L/Toes_L",
    "Root_M/Hip_L/Knee_L/Ankle_L/Toes_L/ToesEnd_L"
  ],
  "_bindposes": [
    {
      "__type__": "cc.Mat4",
      "m00": 2.8306835245613853e-16,
      "m01": -2.724075957819959e-16,
      "m02": 1,
      "m03": 0,
      "m04": 0.9992635846138,
      "m05": 0.0383700430393219,
      "m06": -2.724075957819959e-16,
      "m07": 0,
      "m08": -0.0383700430393219,
      "m09": 0.9992635846138,
      "m10": 2.8306835245613853e-16,
      "m11": 0,
      "m12": -0.12750771641731262,
      "m13": -0.0025957876350730658,
      "m14": 3.2829210325453567e-17,
      "m15": 1
    },
    {
      "__type__": "cc.Mat4",
      "m00": 2.832143068208623e-16,
      "m01": -2.77319513373344e-16,
      "m02": 1,
      "m03": 0,
      "m04": 0.9997788071632385,
      "m05": 0.021030396223068237,
      "m06": -2.77319513373344e-16,
      "m07": 0,
      "m08": -0.021030396223068237,
      "m09": 0.9997788071632385,
      "m10": 2.832143068208623e-16,
      "m11": 0,
      "m12": -0.17477837204933167,
      "m13": 0.00043609683052636683,
      "m14": 3.929222060551414e-17,
      "m15": 1
    },
    {
      "__type__": "cc.Mat4",
      "m00": 2.8326849045970696e-16,
      "m01": -2.8108735415074753e-16,
      "m02": 1,
      "m03": 0,
      "m04": 0.9999701380729675,
      "m05": 0.007729516830295324,
      "m06": -2.8108735415074753e-16,
      "m07": 0,
      "m08": -0.007729516830295324,
      "m09": 0.9999701380729675,
      "m10": 2.8326849045970696e-16,
      "m11": 0,
      "m12": -0.22773650288581848,
      "m13": 0.0034657453652471304,
      "m14": 3.5683665035586256e-17,
      "m15": 1
    },
    {
      "__type__": "cc.Mat4",
      "m00": 2.827994194953853e-16,
      "m01": -2.997180026442835e-16,
      "m02": 1,
      "m03": 0,
      "m04": 0.9983143210411072,
      "m05": -0.058038849383592606,
      "m06": -2.997180026442835e-16,
      "m07": 0,
      "m08": 0.058038849383592606,
      "m09": 0.9983143210411072,
      "m10": 2.827994194953853e-16,
      "m11": 0,
      "m12": -0.2802310287952423,
      "m13": 0.02193942479789257,
      "m14": 9.734971996670213e-18,
      "m15": 1
    },
    {
      "__type__": "cc.Mat4",
      "m00": 2.826187103100445e-16,
      "m01": -3.0257705647862196e-16,
      "m02": 1,
      "m03": 0,
      "m04": 0.9976763129234314,
      "m05": -0.06813164800405502,
      "m06": -3.0257705647862196e-16,
      "m07": 0,
      "m08": 0.06813164800405502,
      "m09": 0.9976763129234314,
      "m10": 2.826187103100445e-16,
      "m11": 0,
      "m12": -0.3299466669559479,
      "m13": 0.025277405977249146,
      "m14": -2.844111974625571e-17,
      "m15": 1
    },
    {
      "__type__": "cc.Mat4",
      "m00": 2.83266161119102e-16,
      "m01": -2.857478617754387e-16,
      "m02": 1,
      "m03": 0,
      "m04": 0.9999619722366333,
      "m05": -0.008722576312720776,
      "m06": -2.857478617754387e-16,
      "m07": 0,
      "m08": 0.008722576312720776,
      "m09": 0.9999619722366333,
      "m10": 2.83266161119102e-16,
      "m11": 0,
      "m12": -0.39951708912849426,
      "m13": 0.0015381244011223316,
      "m14": -1.1187290883001618e-16,
      "m15": 1
    },
    {
      "__type__": "cc.Mat4",
      "m00": 2.83266161119102e-16,
      "m01": -2.857478617754387e-16,
      "m02": 1,
      "m03": 0,
      "m04": 0.9999619722366333,
      "m05": -0.008722576312720776,
      "m06": -2.857478617754387e-16,
      "m07": 0,
      "m08": 0.008722576312720776,
      "m09": 0.9999619722366333,
      "m10": 2.83266161119102e-16,
      "m11": 0,
      "m12": -0.5205498933792114,
      "m13": 0.0015381244011223316,
      "m14": -6.955730007222888e-17,
      "m15": 1
    },
    {
      "__type__": "cc.Mat4",
      "m00": -1,
      "m01": -0.00018212287977803499,
      "m02": -0.00011399816867196932,
      "m03": 0,
      "m04": -0.00010398840822745115,
      "m05": -0.054046712815761566,
      "m06": 0.9985383749008179,
      "m07": 0,
      "m08": -0.0001880179188447073,
      "m09": 0.9985383749008179,
      "m10": 0.054046694189310074,
      "m11": 0,
      "m12": -0.037061236798763275,
      "m13": 0.008283362723886967,
      "m14": -0.29953354597091675,
      "m15": 1
    },
    {
      "__type__": "cc.Mat4",
      "m00": -0.9998190999031067,
      "m01": -0.019020864740014076,
      "m02": 0.0000025862748316285433,
      "m03": 0,
      "m04": 0.0010306998156011105,
      "m05": -0.0540422759950161,
      "m06": 0.9985381364822388,
      "m07": 0,
      "m08": -0.018992917612195015,
      "m09": 0.9983574748039246,
      "m10": 0.05405210703611374,
      "m11": 0,
      "m12": -0.061684053391218185,
      "m13": 0.007124192081391811,
      "m14": -0.2995263338088989,
      "m15": 1
    },
    {
      "__type__": "cc.Mat4",
      "m00": -0.9997711181640625,
      "m01": 0.021395554766058922,
      "m02": 0.0000025862748316285433,
      "m03": 0,
      "m04": -0.0011538928374648094,
      "m05": -0.054039787501096725,
      "m06": 0.9985381364822388,
      "m07": 0,
      "m08": 0.021364416927099228,
      "m09": 0.9983095526695251,
      "m10": 0.05405210703611374,
      "m11": 0,
      "m12": -0.15465408563613892,
      "m13": 0.01338441576808691,
      "m14": -0.2995263338088989,
      "m15": 1
    },
    {
      "__type__": "cc.Mat4",
      "m00": -0.9997711181640625,
      "m01": 0.021395554766058922,
      "m02": 0.0000025862748316285433,
      "m03": 0,
      "m04": -0.0011538928374648094,
      "m05": -0.054039787501096725,
      "m06": 0.9985381364822388,
      "m07": 0,
      "m08": 0.021364416927099228,
      "m09": 0.9983095526695251,
      "m10": 0.05405210703611374,
      "m11": 0,
      "m12": -0.2362636774778366,
      "m13": 0.01338441576808691,
      "m14": -0.2995263338088989,
      "m15": 1
    },
    {
      "__type__": "cc.Mat4",
      "m00": -1,
      "m01": -0.00018214024021290243,
      "m02": -0.00011400903895264491,
      "m03": 0,
      "m04": 0.00010399832535767928,
      "m05": 0.05404670909047127,
      "m06": -0.9985383749008179,
      "m07": 0,
      "m08": 0.00018803584680426866,
      "m09": -0.9985383749008179,
      "m10": -0.054046690464019775,
      "m11": 0,
      "m12": 0.03706123307347298,
      "m13": -0.008283360861241817,
      "m14": 0.29953354597091675,
      "m15": 1
    },
    {
      "__type__": "cc.Mat4",
      "m00": -0.9998190999031067,
      "m01": -0.01902088150382042,
      "m02": 0.000002575403414084576,
      "m03": 0,
      "m04": -0.0010306898038834333,
      "m05": 0.0540422759950161,
      "m06": -0.9985381364822388,
      "m07": 0,
      "m08": 0.018992936238646507,
      "m09": -0.9983574748039246,
      "m10": -0.05405210331082344,
      "m11": 0,
      "m12": 0.061684053391218185,