{
  "__type__": "cc.Skeleton",
  "_name": "Skin-1",
  "_objFlags": 0,
  "_native": "",
  "_joints": [
    "Root_M/Body_M/BodyEnd_M"
  ],
  "_bindposes": [
    {
      "__type__": "cc.Mat4",
      "m00": 3.7493993930529855e-33,
      "m01": 1,
      "m02": 1.2246468525851679e-16,
      "m03": 0,
      "m04": 1,
      "m05": 3.7493993930529855e-33,
      "m06": -6.123234262925839e-17,
      "m07": 0,
      "m08": -6.123234262925839e-17,
      "m09": 1.2246468525851679e-16,
      "m10": -1,
      "m11": 0,
      "m12": -0.26878559589385986,
      "m13": 0.007471750024706125,
      "m14": 0.0954173132777214,
      "m15": 1
    }
  ],
  "_hash": 4210109559
}