{
  "__type__": "cc.Skeleton",
  "_name": "Skin-19",
  "_objFlags": 0,
  "_native": "",
  "_joints": [
    "Root_M/RootPart1_M/RootPart2_M/Spine2_M/Chest_M/Neck_M",
    "Root_M/RootPart1_M/RootPart2_M/Spine2_M/Chest_M/Neck_M/NeckPart1_M",
    "Root_M/RootPart1_M/RootPart2_M/Spine2_M/Chest_M/Neck_M/NeckPart1_M/Head_M",
    "Root_M/RootPart1_M/RootPart2_M/Spine2_M/Chest_M/Neck_M/NeckPart1_M/Head_M/Jaw_M",
    "Root_M/RootPart1_M/RootPart2_M/Spine2_M/Chest_M/Neck_M/NeckPart1_M/Head_M/Jaw_M/JawEnd_M"
  ],
  "_bindposes": [
    {
      "__type__": "cc.Mat4",
      "m00": 2.673881782655485e-9,
      "m01": -1.4376032808627315e-8,
      "m02": 1,
      "m03": 0,
      "m04": 0.9876683354377747,
      "m05": -0.15656070411205292,
      "m06": -4.891630212000564e-9,
      "m07": 0,
      "m08": 0.15656070411205292,
      "m09": 0.9876683354377747,
      "m10": 1.378012814967633e-8,
      "m11": 0,
      "m12": -0.016659321263432503,
      "m13": -0.006594500504434109,
      "m14": 1.4324415265054569e-10,
      "m15": 1
    },
    {
      "__type__": "cc.Mat4",
      "m00": 2.673881782655485e-9,
      "m01": -1.4376032808627315e-8,
      "m02": 1,
      "m03": 0,
      "m04": 0.9876683354377747,
      "m05": -0.15656070411205292,
      "m06": -4.891630212000564e-9,
      "m07": 0,
      "m08": 0.15656070411205292,
      "m09": 0.9876683354377747,
      "m10": 1.378012814967633e-8,
      "m11": 0,
      "m12": -0.022498616948723793,
      "m13": -0.006594500504434109,
      "m14": 1.1426250917656589e-10,
      "m15": 1
    },
    {
      "__type__": "cc.Mat4",
      "m00": 4.328988278956558e-9,
      "m01": -1.3967098588807403e-8,
      "m02": 1,
      "m03": 0,
      "m04": 0.9991779923439026,
      "m05": -0.040538135915994644,
      "m06": -4.891630212000564e-9,
      "m07": 0,
      "m08": 0.040538135915994644,
      "m09": 0.9991779923439026,
      "m10": 1.378012814967633e-8,
      "m11": 0,
      "m12": -0.027377745136618614,
      "m13": -0.009848035871982574,
      "m14": 4.091108354864481e-11,
      "m15": 1
    },
    {
      "__type__": "cc.Mat4",
      "m00": -1.4613624088610777e-8,
      "m01": -5.118122592406849e-10,
      "m02": 1,
      "m03": 0,
      "m04": -0.30133578181266785,
      "m05": -0.9535180926322937,
      "m06": -4.891630212000564e-9,
      "m07": 0,
      "m08": 0.9535180926322937,
      "m09": -0.30133578181266785,
      "m10": 1.378012814967633e-8,
      "m11": 0,
      "m12": -0.005687798839062452,
      "m13": 0.022578947246074677,
      "m14": 4.0911090487538715e-11,
      "m15": 1
    },
    {
      "__type__": "cc.Mat4",
      "m00": -1.4613624088610777e-8,
      "m01": -5.118122592406849e-10,
      "m02": 1,
      "m03": 0,
      "m04": -0.30133578181266785,
      "m05": -0.9535180926322937,
      "m06": -4.891630212000564e-9,
      "m07": 0,
      "m08": 0.9535180926322937,
      "m09": -0.30133578181266785,
      "m10": 1.378012814967633e-8,
      "m11": 0,
      "m12": -0.01713244989514351,
      "m13": 0.022578947246074677,
      "m14": 4.091108701809176e-11,
      "m15": 1
    }
  ],
  "_hash": 2340154518
}