{
  "__type__": "cc.Skeleton",
  "_name": "Skin-53",
  "_objFlags": 0,
  "_native": "",
  "_joints": [
    "Root_M/Hip_R/Knee_R/Ankle_R",
    "Root_M/RootPart1_M/RootPart2_M",
    "Root_M/RootPart1_M/RootPart2_M/Spine2_M",
    "Root_M/RootPart1_M/RootPart2_M/Spine2_M/Chest_M",
    "Root_M/RootPart1_M/RootPart2_M/Spine2_M/Chest_M/Scapula_R",
    "Root_M/RootPart1_M/RootPart2_M/Spine2_M/Chest_M/Scapula_R/Shoulder_R",
    "Root_M/RootPart1_M/RootPart2_M/Spine2_M/Chest_M/Scapula_R/Shoulder_R/Elbow_R",
    "Root_M/RootPart1_M/RootPart2_M/Spine2_M/Chest_M/Scapula_L",
    "Root_M/RootPart1_M/RootPart2_M/Spine2_M/Chest_M/Scapula_L/Shoulder_L",
    "Root_M/RootPart1_M/RootPart2_M/Spine2_M/Chest_M/Scapula_L/Shoulder_L/Elbow_L",
    "Root_M/RootPart1_M/RootPart2_M/Spine2_M/Chest_M/Scapula_L/Shoulder_L/Elbow_L/Wrist_L",
    "Root_M/Hip_L/Knee_L",
    "Root_M/Hip_L/Knee_L/Ankle_L"
  ],
  "_bindposes": [
    {
      "__type__": "cc.Mat4",
      "m00": -2.6644020323374207e-9,
      "m01": -1.2916440361721016e-8,
      "m02": -1,
      "m03": 0,
      "m04": -0.9993491768836975,
      "m05": -0.03607170656323433,
      "m06": 3.1285862789331986e-9,
      "m07": 0,
      "m08": -0.03607170656323433,
      "m09": 0.9993491768836975,
      "m10": -1.2811924854361223e-8,
      "m11": 0,
      "m12": 0.005458268336951733,
      "m13": 0.006848166696727276,
      "m14": -0.0052248346619307995,
      "m15": 1
    },
    {
      "__type__": "cc.Mat4",
      "m00": -1.4622584032508712e-8,
      "m01": 8.187521053322554e-16,
      "m02": 1,
      "m03": 0,
      "m04": -0.3345257341861725,
      "m05": -0.9423866271972656,
      "m06": -4.891630212000564e-9,
      "m07": 0,
      "m08": 0.9423866271972656,
      "m09": -0.3345257341861725,
      "m10": 1.378012814967633e-8,
      "m11": 0,
      "m12": 0.005665640812367201,
      "m13": 0.01223829947412014,
      "m14": 1.4324413877275788e-10,
      "m15": 1
    },
    {
      "__type__": "cc.Mat4",
      "m00": -1.4058560537932863e-8,
      "m01": -4.0220435870708116e-9,
      "m02": 1,
      "m03": 0,
      "m04": -0.06241222470998764,
      "m05": -0.9980504512786865,
      "m06": -4.891628879732934e-9,
      "m07": 0,
      "m08": 0.9980504512786865,
      "m09": -0.06241222470998764,
      "m10": 1.378012814967633e-8,
      "m11": 0,
      "m12": 0.00009530926763545722,
      "m13": 0.012756561860442162,
      "m14": 1.4324412489497007e-10,
      "m15": 1
    },
    {
      "__type__": "cc.Mat4",
      "m00": -1.3905910201117422e-8,
      "m01": -4.521682139824179e-9,
      "m02": 1,
      "m03": 0,
      "m04": -0.02671949565410614,
      "m05": -0.9996429681777954,
      "m06": -4.891626659286885e-9,
      "m07": 0,
      "m08": 0.9996429681777954,
      "m09": -0.02671949565410614,
      "m10": 1.378012814967633e-8,
      "m11": 0,
      "m12": -0.005804456304758787,
      "m13": 0.012557227164506912,
      "m14": 1.4324409713939446e-10,
      "m15": 1
    },
    {
      "__type__": "cc.Mat4",
      "m00": -0.5131125450134277,
      "m01": -5.8000400038338285e-9,
      "m02": -0.8583213686943054,
      "m03": 0,
      "m04": -0.8443278670310974,
      "m05": 0.1798357367515564,
      "m06": 0.5047470927238464,
      "m07": 0,
      "m08": 0.15435683727264404,
      "m09": 0.9836966395378113,
      "m10": -0.09227596968412399,
      "m11": 0,
      "m12": 0.008941823616623878,
      "m13": -0.009505602531135082,
      "m14": -0.00952865555882454,
      "m15": 1
    },
    {
      "__type__": "cc.Mat4",
      "m00": 7.749620500874244e-9,
      "m01": -1.1038286729103675e-8,
      "m02": -1,
      "m03": 0,
      "m04": -0.9290225505828857,
      "m05": -0.37002313137054443,
      "m06": -3.115150359889185e-9,
      "m07": 0,
      "m08": -0.37002313137054443,
      "m09": 0.9290225505828857,
      "m10": -1.3122355646544293e-8,
      "m11": 0,
      "m12": 0.013529598712921143,
      "m13": -0.0027386487927287817,
      "m14": -0.005117618944495916,
      "m15": 1
    },
    {
      "__type__": "cc.Mat4",
      "m00": -3.0431307473932634e-10,
      "m01": -1.3483610672437862e-8,
      "m02": -1,
      "m03": 0,
      "m04": -0.9675008058547974,
      "m05": 0.2528679668903351,
      "m06": -3.11515013784458e-9,
      "m07": 0,
      "m08": 0.2528679668903351,
      "m09": 0.9675008058547974,
      "m10": -1.3122355646544293e-8,
      "m11": 0,
      "m12": 0.004322593566030264,
      "m13": -0.00658367620781064,
      "m14": -0.005117618944495916,
      "m15": 1
    },
    {
      "__type__": "cc.Mat4",
      "m00": -0.513112485408783,
      "m01": 1.267577598440539e-8,
      "m02": -0.8583213686943054,
      "m03": 0,
      "m04": 0.8443278670310974,
      "m05": -0.1798357218503952,
      "m06": -0.5047470331192017,
      "m07": 0,
      "m08": -0.15435685217380524,
      "m09": -0.9836966395378113,
      "m10": 0.0922759473323822,
      "m11": 0,
      "m12": -0.008941823616623878,
      "m13": 0.009505602531135082,
      "m14": 0.00952865555882454,
      "m15": 1
    },
    {
      "__type__": "cc.Mat4",
      "m00": 5.493438148818086e-9,
      "m01": 4.893672667094506e-8,
      "m02": -1,
      "m03": 0,
      "m04": 0.9061654210090637,
      "m05": 0.42292341589927673,
      "m06": 2.56744510096496e-8,
      "m07": 0,
      "m08": 0.42292341589927673,
      "m09": -0.9061654210090637,
      "m10": -4.2021468971142895e-8,
      "m11": 0,
      "m12": -0.01366488914936781,
      "m13": 0.001954752951860428,
      "m14": 0.005117618944495916,
      "m15": 1
    },
    {
      "__type__": "cc.Mat4",
      "m00": 4.346597393123375e-8,
      "m01": 2.3144984595546703e-8,
      "m02": -1,
      "m03": 0,
      "m04": 0.8612649440765381,
      "m05": -0.5081561803817749,
      "m06": 2.56744510096496e-8,
      "m07": 0,
      "m08": -0.5081561803817749,
      "m09": -0.8612649440765381,
      "m10": -4.2021468971142895e-8,
      "m11": 0,
      "m12": -0.002640537917613983,
      "m13": 0.007307147141546011,
      "m14": 0.005117618944495916,
      "m15": 1
    },
    {
      "__type__": "cc.Mat4",
      "m00": 3.670552572998531e-8,
      "m01": 7.757798670127158e-8,
      "m02": -1,
      "m03": 0,
      "m04": 0.9574837684631348,
      "m05": -0.28848719596862793,
      "m06": 1.2764688861466311e-8,
      "m07": 0,
      "m08": -0.28848719596862793,
      "m09": -0.9574837684631348,
      "m10": -8.486873781521354e-8,
      "m11": 0,
      "m12": -0.0004946059780195355,
      "m13": 0.007402248214930296,
      "m14": 0.005117618944495916,
      "m15": 1
    },
    {
      "__type__": "cc.Mat4",
      "m00": 0.0325925350189209,
      "m01": -0.23215052485466003,
      "m02": -0.9721336364746094,
      "m03": 0,
      "m04": 0.4822739362716675,
      "m05": 0.855577290058136,
      "m06": -0.1881471574306488,
      "m07": 0,
      "m08": 0.8754139542579651,
      "m09": -0.46270254254341125,
      "m10": 0.1398455798625946,
      "m11": 0,
      "m12": -0.00254610413685441,
      "m13": -0.007357908878475428,
      "m14": 0.007276198826730251,
      "m15": 1
    },
    {
      "__type__": "cc.Mat4",
      "m00": 0.000042181058233836666,
      "m01": -0.0005176140693947673,
      "m02": -0.9999998807907104,
      "m03": 0,
      "m04": 0.9644072651863098,
      "m05": -0.2644213140010834,
      "m06": 0.00017754791770130396,
      "m07": 0,
      "m08": -0.26442134380340576,
      "m09": -0.9644071459770203,
      "m10": 0.00048803718527778983,
      "m11": 0,
      "m12": -0.007555276621133089,
      "m13": -0.0064185443334281445,
      "m14": 0.0052280002273619175,
      "m15": 1
    }
  ],
  "_hash": 2972964175
}