{
  "__type__": "cc.Skeleton",
  "_name": "Skin-18",
  "_objFlags": 0,
  "_native": "",
  "_joints": [
    "Root_M/Tail0_M/Tail1_M",
    "Root_M/Tail0_M/Tail1_M/Tail2_M/Tail3_M",
    "Root_M/Tail0_M/Tail1_M/Tail2_M/Tail3_M/Tail4_M",
    "Root_M/Tail0_M/Tail1_M/Tail2_M/Tail3_M/Tail4_M/Tail5_M",
    "Root_M/Tail0_M/Tail1_M/Tail2_M/Tail3_M/Tail4_M/Tail5_M/Tail6_M",
    "Root_M/RootPart1_M/RootPart2_M",
    "Root_M/RootPart1_M/RootPart2_M/Spine2_M/Chest_M",
    "Root_M/RootPart1_M/RootPart2_M/Spine2_M/Chest_M/Neck_M",
    "Root_M/RootPart1_M/RootPart2_M/Spine2_M/Chest_M/Neck_M/NeckPart1_M",
    "Root_M/RootPart1_M/RootPart2_M/Spine2_M/Chest_M/Neck_M/NeckPart1_M/Head_M",
    "Root_M/RootPart1_M/RootPart2_M/Spine2_M/Chest_M/Neck_M/NeckPart1_M/Head_M/HeadEnd_M",
    "Root_M/RootPart1_M/RootPart2_M/Spine2_M/Chest_M/Neck_M/NeckPart1_M/Head_M/Jaw_M",
    "Root_M/RootPart1_M/RootPart2_M/Spine2_M/Chest_M/Neck_M/NeckPart1_M/Head_M/Jaw_M/JawEnd_M",
    "Root_M/RootPart1_M/RootPart2_M/Spine2_M/Chest_M/Scapula_R",
    "Root_M/RootPart1_M/RootPart2_M/Spine2_M/Chest_M/Scapula_L"
  ],
  "_bindposes": [
    {
      "__type__": "cc.Mat4",
      "m00": 1.3683562727351273e-8,
      "m01": 5.1555959501570214e-9,
      "m02": -1,
      "m03": 0,
      "m04": 0.645307719707489,
      "m05": -0.7639226913452148,
      "m06": 4.891632432446613e-9,
      "m07": 0,
      "m08": -0.7639226913452148,
      "m09": -0.645307719707489,
      "m10": -1.3780130814211589e-8,
      "m11": 0,
      "m12": -0.019863201305270195,
      "m13": 0.0075710793025791645,
      "m14": -9.913098120151176e-11,
      "m15": 1
    },
    {
      "__type__": "cc.Mat4",
      "m00": 8.824719621713939e-9,
      "m01": 1.1659519572049248e-8,
      "m02": -1,
      "m03": 0,
      "m04": 0.9533108472824097,
      "m05": -0.3019908368587494,
      "m06": 4.891632432446613e-9,
      "m07": 0,
      "m08": -0.3019908368587494,
      "m09": -0.9533108472824097,
      "m10": -1.3780130814211589e-8,
      "m11": 0,
      "m12": -0.0263852309435606,
      "m13": -0.00682395463809371,
      "m14": -1.041348604569059e-10,
      "m15": 1
    },
    {
      "__type__": "cc.Mat4",
      "m00": 7.242136224050455e-9,
      "m01": 1.2703210039433088e-8,
      "m02": -1,
      "m03": 0,
      "m04": 0.9843685626983643,
      "m05": -0.17612075805664062,
      "m06": 4.891631988357403e-9,
      "m07": 0,
      "m08": -0.17612075805664062,
      "m09": -0.9843685626983643,
      "m10": -1.3780130814211589e-8,
      "m11": 0,
      "m12": -0.028065014630556107,
      "m13": -0.010543400421738625,
      "m14": -1.1071389638406259e-10,
      "m15": 1
    },
    {
      "__type__": "cc.Mat4",
      "m00": 4.554239652065917e-9,
      "m01": 1.3895285810860969e-8,
      "m02": -1,
      "m03": 0,
      "m04": 0.9997028112411499,
      "m05": 0.024378489702939987,
      "m06": 4.891632432446613e-9,
      "m07": 0,
      "m08": 0.024378489702939987,
      "m09": -0.9997028112411499,
      "m10": -1.3780130814211589e-8,
      "m11": 0,
      "m12": -0.028023043647408485,
      "m13": -0.01648310199379921,
      "m14": -1.180170128289859e-10,
      "m15": 1
    },
    {
      "__type__": "cc.Mat4",
      "m00": 4.554239652065917e-9,
      "m01": 1.3895285810860969e-8,
      "m02": -1,
      "m03": 0,
      "m04": 0.9997028112411499,
      "m05": 0.024378489702939987,
      "m06": 4.891632432446613e-9,
      "m07": 0,
      "m08": 0.024378489702939987,
      "m09": -0.9997028112411499,
      "m10": -1.3780130814211589e-8,
      "m11": 0,
      "m12": -0.031048893928527832,
      "m13": -0.01648310199379921,
      "m14": -1.277056793647091e-10,
      "m15": 1
    },
    {
      "__type__": "cc.Mat4",
      "m00": -1.4622584032508712e-8,
      "m01": 8.187521053322554e-16,
      "m02": 1,
      "m03": 0,
      "m04": -0.3345257341861725,
      "m05": -0.9423866271972656,
      "m06": -4.891630212000564e-9,
      "m07": 0,
      "m08": 0.9423866271972656,
      "m09": -0.3345257341861725,
      "m10": 1.378012814967633e-8,
      "m11": 0,
      "m12": 0.005665640812367201,
      "m13": 0.01223829947412014,
      "m14": 1.4324413877275788e-10,
      "m15": 1
    },
    {
      "__type__": "cc.Mat4",
      "m00": -1.3905910201117422e-8,
      "m01": -4.521682139824179e-9,
      "m02": 1,
      "m03": 0,
      "m04": -0.02671949565410614,
      "m05": -0.9996429681777954,
      "m06": -4.891626659286885e-9,
      "m07": 0,
      "m08": 0.9996429681777954,
      "m09": -0.02671949565410614,
      "m10": 1.378012814967633e-8,
      "m11": 0,
      "m12": -0.005804456304758787,
      "m13": 0.012557227164506912,
      "m14": 1.4324409713939446e-10,
      "m15": 1
    },
    {
      "__type__": "cc.Mat4",
      "m00": 2.673881782655485e-9,
      "m01": -1.4376032808627315e-8,
      "m02": 1,
      "m03": 0,
      "m04": 0.9876683354377747,
      "m05": -0.15656070411205292,
      "m06": -4.891630212000564e-9,
      "m07": 0,
      "m08": 0.15656070411205292,
      "m09": 0.9876683354377747,
      "m10": 1.378012814967633e-8,
      "m11": 0,
      "m12": -0.016659321263432503,
      "m13": -0.006594500504434109,
      "m14": 1.4324415265054569e-10,
      "m15": 1
    },
    {
      "__type__": "cc.Mat4",
      "m00": 2.673881782655485e-9,
      "m01": -1.4376032808627315e-8,
      "m02": 1,
      "m03": 0,
      "m04": 0.9876683354377747,
      "m05": -0.15656070411205292,
      "m06": -4.891630212000564e-9,
      "m07": 0,
      "m08": 0.15656070411205292,
      "m09": 0.9876683354377747,
      "m10": 1.378012814967633e-8,
      "m11": 0,
      "m12": -0.022498616948723793,
      "m13": -0.006594500504434109,
      "m14": 1.1426250917656589e-10,
      "m15": 1
    },
    {
      "__type__": "cc.Mat4",
      "m00": 4.328988278956558e-9,
      "m01": -1.3967098588807403e-8,
      "m02": 1,
      "m03": 0,
      "m04": 0.9991779923439026,
      "m05": -0.040538135915994644,
      "m06": -4.891630212000564e-9,
      "m07": 0,
      "m08": 0.040538135915994644,
      "m09": 0.9991779923439026,
      "m10": 1.378012814967633e-8,
      "m11": 0,
      "m12": -0.027377745136618614,
      "m13": -0.009848035871982574,
      "m14": 4.091108354864481e-11,
      "m15": 1
    },
    {
      "__type__": "cc.Mat4",
      "m00": 4.328988278956558e-9,
      "m01": -1.3967098588807403e-8,
      "m02": 1,
      "m03": 0,
      "m04": 0.9991779923439026,
      "m05": -0.040538135915994644,
      "m06": -4.891630212000564e-9,
      "m07": 0,
      "m08": 0.040538135915994644,
      "m09": 0.9991779923439026,
      "m10": 1.378012814967633e-8,
      "m11": 0,
      "m12": -0.042473021894693375,
      "m13": -0.009848035871982574,
      "m14": 4.091106620141005e-11,
      "m15": 1
    },
    {
      "__type__": "cc.Mat4",
      "m00": -1.4613624088610777e-8,
      "m01": -5.118122592406849e-10,
      "m02": 1,
      "m03": 0,
      "m04": -0.30133578181266785,
      "m05": -0.9535180926322937,
      "m06": -4.891630212000564e-9,
      "m07": 0,
      "m08": 0.9535180926322937,
      "m09": -0.30133578181266785,
      "m10": 1.378012814967633e-8,
      "m11": 0,
      "m12": -0.005687798839062452,
      "m13": 0.022578947246074677,
      "m14": 4.0911090487538715e-11,
      "m15": 1
    },
    {
      "__type__": "cc.Mat4",
      "m00": -1.4613624088610777e-8,
      "m01": -5.118122592406849e-10,
      "m02": 1,
      "m03": 0,
      "m04": -0.30133578181266785,
      "m05": -0.9535180926322937,
      "m06": -4.891630212000564e-9,
      "m07": 0,
      "m08": 0.9535180926322937,
      "m09": -0.30133578181266785,
      "m10": 1.378012814967633e-8,
      "m11": 0,
      "m12": -0.01713244989514351,
      "m13": 0.022578947246074677,
      "m14": 4.091108701809176e-11,
      "m15": 1
    },
    {
      "__type__": "cc.Mat4",
      "m00": -0.5131125450134277,
      "m01": -5.8000400038338285e-9,
      "m02": -0.8583213686943054,
      "m03": 0,
      "m04": -0.8443278670310974,
      "m05": 0.1798357367515564,
      "m06": 0.5047470927238464,
      "m07": 0,