{
  "gizmos-infos": {
    "is2D": false,
    "is3DIcon": false,
    "iconSize": 2,
    "gridVisible": true,
    "gridColor": [
      150,
      150,
      150,
      255
    ],
    "isIconGizmo3D": false,
    "iconGizmoSize": 2,
    "isGridVisible": true
  },
  "float-window": {
    "position": {
      "cc": {
        "Camera": {
          "dock": false,
          "top": null,
          "bottom": 10,
          "left": null,
          "right": 10
        }
      }
    }
  },
  "camera": {
    "fov": 45,
    "far": 10000,
    "near": 0.01,
    "color": [
      255,
      255,
      255,
      255
    ],
    "wheelSpeed": 0.01,
    "wanderSpeed": 10,
    "enableAcceleration": true,
    "far2D": 10000,
    "near2D": 1,
    "wheelSpeed2D": 6
  },
  "camera-infos": {
    "f46876e4-e81b-4931-b493-6d367be385e7": {
      "position": {
        "x": 50,
        "y": 50,
        "z": 50
      },
      "rotation": {
        "x": -0.27984814233312133,
        "y": 0.3647051996310009,
        "z": 0.11591689595929514,
        "w": 0.8804762392171493
      },
      "viewCenter": {
        "x": 0,
        "y": 0,
        "z": 0
      }
    },
    "b5b1222f-90dc-4d3c-9ef5-2b0c86f67f74": {
      "position": {
        "x": 0.4589350093674599,
        "y": 3.9812516470860477,
        "z": 24.24575008826338
      },
      "rotation": {
        "x": -0.14178904096187192,
        "y": -0.056868600562306734,
        "z": -0.008156818835935619,
        "w": 0.9882283624950639
      },
      "viewCenter": {
        "x": 2.4083065726227564,
        "y": -0.9976195582592617,
        "z": 7.3644483590413685
      }
    },
    "f82590ab-7475-4b63-9a96-e8c0a6a65b85": {
      "position": {
        "x": 6.640165460987738,
        "y": 10.0836570330424,
        "z": -15.686639815082366
      },
      "rotation": {
        "x": -0.03330561917163903,
        "y": 0.017002148576191346,
        "z": 0.0005666630779251321,
        "w": 0.9993004259760278
      },
      "viewCenter": {
        "x": 6.1110501610815735,
        "y": 9.045716636740535,
        "z": -31.231501151788237
      }
    },
    "c087d608-398b-42f6-b1d2-9da857d569b7": {
      "position": {
        "x": 169.7466111110333,
        "y": 274.23495328089894,
        "z": 5000
      },
      "rotation": {
        "x": 0,
        "y": 0,
        "z": 0,
        "w": 1
      },
      "viewCenter": {
        "x": -15.484167884065032,
        "y": 23.95334498002112,
        "z": -0.07287600024410303
      }
    },
    "640d53f3-904b-4e2a-a087-59554717e92c": {
      "position": {
        "x": -24.33206181944888,
        "y": 19.133023618768533,
        "z": 3.1095357288823386
      },
      "rotation": {
        "x": -0.214999123738364,
        "y": -0.637896410853247,
        "z": -0.1920480077634854,
        "w": 0.7141296127122294
      },
      "viewCenter": {
        "x": 29.15284654321181,
        "y": -16.50769254241336,
        "z": -2.9411315406815666
      }
    },
    "e0558939-7c4f-4c82-9000-64b115f108a7": {
      "position": {
        "x": -13,
        "y": 24,
        "z": 15.58845726812001
      },
      "rotation": {
        "x": -0.3850684152413333,
        "y": -0.4490018926790179,
        "z": -0.22314797945508835,
        "w": 0.7748061580450457
      },
      "viewCenter": {
        "x": -4.83282710931852,
        "y": 11.57452661893151,
        "z": 10.90819102888331
      }
    },
    "a184fbc7-d813-4b9c-9a45-299f6fc90a46": {
      "position": {
        "x": -1.3526823522933655,
        "y": 16.441646207148096,
        "z": -52.73116483829121
      },
      "rotation": {
        "x": -0.23191450405727468,
        "y": -0.14382795122336603,
        "z": -0.03469567340446043,
        "w": 0.961418370017882
      },
      "viewCenter": {
        "x": 0.8050978597795007,
        "y": 12.664696367990983,
        "z": -59.7816246257189
      }
    }
  },
  "camera-uuids": [
    "a184fbc7-d813-4b9c-9a45-299f6fc90a46"
  ]
}
