{
  "__type__": "cc.Skeleton",
  "_name": "Skin-0",
  "_objFlags": 0,
  "_native": "",
  "_joints": [
    "RootNode/Root_M",
    "RootNode/Root_M/Spine1_M",
    "RootNode/Root_M/Spine1_M/Spine2_M",
    "RootNode/Root_M/Spine1_M/Spine2_M/Chest_M",
    "RootNode/Root_M/Spine1_M/Spine2_M/Chest_M/Neck_M",
    "RootNode/Root_M/Spine1_M/Spine2_M/Chest_M/Neck_M/Head_M",
    "RootNode/Root_M/Spine1_M/Spine2_M/Chest_M/Scapula_R",
    "RootNode/Root_M/Spine1_M/Spine2_M/Chest_M/Scapula_R/Shoulder_R",
    "RootNode/Root_M/Spine1_M/Spine2_M/Chest_M/Scapula_R/Shoulder_R/Elbow_R",
    "RootNode/Root_M/Spine1_M/Spine2_M/Chest_M/Scapula_R/Shoulder_R/Elbow_R/Wrist_R",
    "RootNode/Root_M/Spine1_M/Spine2_M/Chest_M/Scapula_L",
    "RootNode/Root_M/Spine1_M/Spine2_M/Chest_M/Scapula_L/Shoulder_L",
    "RootNode/Root_M/Spine1_M/Spine2_M/Chest_M/Scapula_L/Shoulder_L/Elbow_L",
    "RootNode/Root_M/Spine1_M/Spine2_M/Chest_M/Scapula_L/Shoulder_L/Elbow_L/Wrist_L",
    "RootNode/Root_M/Spine1_M/Belly1_M",
    "RootNode/Root_M/buttock_L",
    "RootNode/Root_M/joint1_R",
    "RootNode/Root_M/joint2_L",
    "RootNode/Root_M/Hip_R",
    "RootNode/Root_M/Hip_R/Knee_R",
    "RootNode/Root_M/Hip_R/Knee_R/Ankle_R",
    "RootNode/Root_M/Hip_R/Knee_R/Ankle_R/Toes_R",
    "RootNode/Root_M/Hip_L",
    "RootNode/Root_M/Hip_L/Knee_L",
    "RootNode/Root_M/Hip_L/Knee_L/Ankle_L",
    "RootNode/Root_M/Hip_L/Knee_L/Ankle_L/Toes_L"
  ],
  "_bindposes": [
    {
      "__type__": "cc.Mat4",
      "m00": 6.11872712120416e-17,
      "m01": -5.888287837436688e-17,
      "m02": 1,
      "m03": 0,
      "m04": 0.9992639422416687,
      "m05": 0.03836999833583832,
      "m06": -5.888285852203218e-17,
      "m07": 0,
      "m08": -0.03836999833583832,
      "m09": 0.9992639422416687,
      "m10": 6.11872513597069e-17,
      "m11": 0,
      "m12": -0.12750771641731262,
      "m13": -0.0025957899633795023,
      "m14": 7.648996199740113e-18,
      "m15": 1
    },
    {
      "__type__": "cc.Mat4",
      "m00": 6.121880995443703e-17,
      "m01": -5.994460770397054e-17,
      "m02": 1,
      "m03": 0,
      "m04": 0.9997789263725281,
      "m05": 0.021030399948358536,
      "m06": -5.994460108652564e-17,
      "m07": 0,
      "m08": -0.021030399948358536,
      "m09": 0.9997789263725281,
      "m10": 6.121879671954722e-17,
      "m11": 0,
      "m12": -0.17477835714817047,
      "m13": 0.00043609700514934957,
      "m14": 1.0725861578614835e-17,
      "m15": 1
    },
    {
      "__type__": "cc.Mat4",
      "m00": 6.123050297957607e-17,
      "m01": -6.075903650020045e-17,
      "m02": 1,
      "m03": 0,
      "m04": 0.999970018863678,
      "m05": 0.0077295200899243355,
      "m06": -6.075904311764535e-17,
      "m07": 0,
      "m08": -0.0077295200899243355,
      "m09": 0.999970018863678,
      "m10": 6.123050959702098e-17,
      "m11": 0,
      "m12": -0.2277364879846573,
      "m13": 0.00346574978902936,
      "m14": 1.4154999192138128e-17,
      "m15": 1
    },
    {
      "__type__": "cc.Mat4",
      "m00": 6.112910387136687e-17,
      "m01": -6.478616862113732e-17,
      "m02": 1,
      "m03": 0,
      "m04": 0.9983140230178833,
      "m05": -0.058038800954818726,
      "m06": -6.478619509091692e-17,
      "m07": 0,
      "m08": 0.058038800954818726,
      "m09": 0.9983140230178833,
      "m10": 6.112912372370158e-17,
      "m11": 0,
      "m12": -0.2802310287952423,
      "m13": 0.021939421072602272,
      "m14": 1.8551654399398357e-17,
      "m15": 1
    },
    {
      "__type__": "cc.Mat4",
      "m00": 6.109003447667477e-17,
      "m01": -6.540417841783283e-17,
      "m02": 1,
      "m03": 0,
      "m04": 0.9976760149002075,
      "m05": -0.06813160330057144,
      "m06": -6.540419827016754e-17,
      "m07": 0,
      "m08": 0.06813160330057144,
      "m09": 0.9976760149002075,
      "m10": 6.109005432900947e-17,
      "m11": 0,
      "m12": -0.3299466669559479,
      "m13": 0.025277409702539444,
      "m14": 2.180971700017527e-17,
      "m15": 1
    },
    {
      "__type__": "cc.Mat4",
      "m00": 6.123001328865344e-17,
      "m01": -6.176644984206143e-17,
      "m02": 1,
      "m03": 0,
      "m04": 0.9999619722366333,
      "m05": -0.008722580038011074,
      "m06": -6.176644322461653e-17,
      "m07": 0,
      "m08": 0.008722580038011074,
      "m09": 0.9999619722366333,
      "m10": 6.123001328865344e-17,
      "m11": 0,
      "m12": -0.39951708912849426,
      "m13": 0.0015381199773401022,
      "m14": 2.4557437287147792e-17,
      "m15": 1
    },
    {
      "__type__": "cc.Mat4",
      "m00": -1,
      "m01": -0.0001821229961933568,
      "m02": -0.00011399798677302897,
      "m03": 0,
      "m04": -0.00010398826270829886,
      "m05": -0.05404670163989067,
      "m06": 0.9985380172729492,
      "m07": 0,
      "m08": -0.00018801809346769005,
      "m09": 0.9985380172729492,
      "m10": 0.05404667556285858,
      "m11": 0,
      "m12": -0.037061240524053574,
      "m13": 0.008283359929919243,
      "m14": -0.29953354597091675,
      "m15": 1
    },
    {
      "__type__": "cc.Mat4",
      "m00": -0.9998189210891724,
      "m01": -0.01902090013027191,
      "m02": 0.0000025836002350843046,
      "m03": 0,
      "m04": 0.0010307003976777196,
      "m05": -0.05404229462146759,
      "m06": 0.9985380172729492,
      "m07": 0,
      "m08": -0.018992960453033447,
      "m09": 0.9983569979667664,
      "m10": 0.05405214801430702,
      "m11": 0,
      "m12": -0.061684057116508484,
      "m13": 0.007124189753085375,
      "m14": -0.2995263338088989,
      "m15": 1
    },
    {
      "__type__": "cc.Mat4",
      "m00": -0.9997709393501282,
      "m01": 0.021395599469542503,
      "m02": 0.0000025854003524727887,
      "m03": 0,
      "m04": -0.0011538952821865678,
      "m05": -0.05403979495167732,
      "m06": 0.9985380172729492,
      "m07": 0,
      "m08": 0.021364450454711914,
      "m09": 0.9983099699020386,
      "m10": 0.05405208468437195,
      "m11": 0,
      "m12": -0.15465408563613892,
      "m13": 0.013384419493377209,
      "m14": -0.2995263338088989,
      "m15": 1
    },
    {
      "__type__": "cc.Mat4",
      "m00": -0.9997709393501282,
      "m01": 0.021395599469542503,
      "m02": 0.0000025854003524727887,
      "m03": 0,
      "m04": -0.0011538952821865678,
      "m05": -0.05403979495167732,
      "m06": 0.9985380172729492,
      "m07": 0,
      "m08": 0.021364450454711914,
      "m09": 0.9983099699020386,
      "m10": 0.05405208468437195,
      "m11": 0,
      "m12": -0.2362636774778366,
      "m13": 0.013384419493377209,
      "m14": -0.2995263338088989,
      "m15": 1
    },
    {
      "__type__": "cc.Mat4",
      "m00": -1,
      "m01": -0.00018213997827842832,
      "m02": -0.00011400899529689923,
      "m03": 0,
      "m04": 0.0001039983399095945,
      "m05": 0.05404670163989067,
      "m06": -0.9985380172729492,
      "m07": 0,
      "m08": 0.0001880356576293707,
      "m09": -0.9985380172729492,
      "m10": -0.05404667556285858,
      "m11": 0,
      "m12": 0.03706122934818268,
      "m13": -0.008283359929919243,
      "m14": 0.29953354597091675,
      "m15": 1
    },
    {
      "__type__": "cc.Mat4",
      "m00": -0.9998189210891724,
      "m01": -0.01902090013027191,
      "m02": 0.0000025727340471348725,
      "m03": 0,
      "m04": -0.0010306894546374679,
      "m05": 0.05404229462146759,
      "m06": -0.9985380172729492,
      "m07": 0,
      "m08": 0.018992962315678596,
      "m09": -0.9983569979667664,
      "m10": -0.05405214801430702,
      "m11": 0,
      "m12": 0.06168404966592789,
      "m13": -0.007124189753085375,
      "m14": 0.2995263338088989,
      "m15": 1
    },
    {
      "__type__": "cc.Mat4",
      "m00": -0.9997709393501282,
      "m01": 0.021395498886704445,
      "m02": 0.000002574557356638252,
      "m03": 0,
      "m04": 0.0011539007537066936,
      "m05": 0.05403979495167732,
      "m06": -0.9985380172729492,
      "m07": 0,
      "m08": -0.021364349871873856,
      "m09": -0.9983099699020386,
      "m10": -0.05405208840966225,