{
  "__type__": "cc.Skeleton",
  "_name": "Skin-0",
  "_objFlags": 0,
  "_native": "",
  "_joints": [
    "RootNode/Root_M"
  ],
  "_bindposes": [
    {
      "__type__": "cc.Mat4",
      "m00": 6.123234262925839e-17,
      "m01": -6.123234262925839e-17,
      "m02": 1,
      "m03": 0,
      "m04": 1,
      "m05": 3.7493993930529855e-33,
      "m06": -6.123234262925839e-17,
      "m07": 0,
      "m08": 0,
      "m09": 1,
      "m10": 6.123234262925839e-17,
      "m11": 0,
      "m12": -0.019999999552965164,
      "m13": -7.498798740188223e-35,
      "m14": 1.224646790546622e-18,
      "m15": 1
    }
  ],
  "_hash": 3941061136
}