{
  "__type__": "cc.Skeleton",
  "_name": "Skin-0",
  "_objFlags": 0,
  "_native": "",
  "_joints": [
    "joint1",
    "joint1/joint2",
    "joint1/joint2/joint3",
    "joint1/joint2/joint3/joint4"
  ],
  "_bindposes": [
    {
      "__type__": "cc.Mat4",
      "m00": -0.030754676088690758,
      "m01": 0.9995269775390625,
      "m02": 1.2240675614585847e-16,
      "m03": 0,
      "m04": 0.9995269775390625,
      "m05": 0.030754676088690758,
      "m06": 3.766361364877992e-18,
      "m07": 0,
      "m08": 0,
      "m09": 1.2246468525851679e-16,
      "m10": -1,
      "m11": 0,
      "m12": -0.0004232588689774275,
      "m13": 0.0000937519725994207,
      "m14": 1.148130486853367e-20,
      "m15": 1
    },
    {
      "__type__": "cc.Mat4",
      "m00": -1.4930799050808506e-15,
      "m01": 1,
      "m02": 1.2246468525851679e-16,
      "m03": 0,
      "m04": 1,
      "m05": 1.4930799050808506e-15,
      "m06": 3.766361364877992e-18,
      "m07": 0,
      "m08": 3.766361364877992e-18,
      "m09": 1.2246468525851679e-16,
      "m10": -1,
      "m11": 0,
      "m12": -0.0316041000187397,
      "m13": 0.0010662301210686564,
      "m14": 1.1543071995836654e-20,
      "m15": 1
    },
    {
      "__type__": "cc.Mat4",
      "m00": 0.022550655528903008,
      "m01": -0.9997457265853882,
      "m02": -2.4484029970867386e-16,
      "m03": 0,
      "m04": 0.9997457265853882,
      "m05": 0.022550655528903008,
      "m06": -1.004702774391222e-18,
      "m07": 0,
      "m08": 6.525756065425781e-18,
      "m09": -2.44755358185932e-16,
      "m10": 1,
      "m11": 0,
      "m12": -0.06298782676458359,
      "m13": -0.00248727947473526,
      "m14": -1.9773178686530168e-19,
      "m15": 1
    },
    {
      "__type__": "cc.Mat4",
      "m00": 1,
      "m01": 6.938893903907228e-17,
      "m02": -2.4484029970867386e-16,
      "m03": 0,
      "m04": -6.938893903907228e-17,
      "m05": 1,
      "m06": -1.004702774391222e-18,
      "m07": 0,
      "m08": 2.4484029970867386e-16,
      "m09": 1.004702774391222e-18,
      "m10": 1,
      "m11": 0,
      "m12": 0.00034660115488804877,
      "m13": -0.0949314534664154,
      "m14": 1.0515969745606515e-20,
      "m15": 1
    }
  ],
  "_hash": 3265748868
}