{
  "__type__": "cc.Skeleton",
  "_name": "Skin-0",
  "_objFlags": 0,
  "_native": "",
  "_joints": [
    "vot/vot2/joint1",
    "vot/vot2/joint1/joint2"
  ],
  "_bindposes": [
    {
      "__type__": "cc.Mat4",
      "m00": -0.0012488941429182887,
      "m01": 0.2161817103624344,
      "m02": -0.976352870464325,
      "m03": 0,
      "m04": 1.5440458867033158e-7,
      "m05": 0.9763526916503906,
      "m06": 0.21618172526359558,
      "m07": 0,
      "m08": 0.9999994039535522,
      "m09": 0.00026983744464814663,
      "m10": -0.0012193951988592744,
      "m11": 0,
      "m12": 0.007972681894898415,
      "m13": 0.0004516963963396847,
      "m14": 0.00007660593109903857,
      "m15": 1
    },
    {
      "__type__": "cc.Mat4",
      "m00": 0.9250869750976562,
      "m01": 0.21618500351905823,
      "m02": 0.31221601366996765,
      "m03": 0,
      "m04": -0.20605476200580597,
      "m05": 0.9763448238372803,
      "m06": -0.06550761312246323,
      "m07": 0,
      "m08": -0.31899234652519226,
      "m09": -0.0037333525251597166,
      "m10": 0.9477502107620239,
      "m11": 0,
      "m12": 0.008007570169866085,
      "m13": 0.0005527299945242703,
      "m14": -0.023934729397296906,
      "m15": 1
    }
  ],
  "_hash": 1941541212
}