{
  "__type__": "cc.Skeleton",
  "_name": "Skin-1",
  "_objFlags": 0,
  "_native": "",
  "_joints": [
    "RootNode/Root_M/Spine1_M/Spine2_M/Chest_M/Neck_M/Head_M"
  ],
  "_bindposes": [
    {
      "__type__": "cc.Mat4",
      "m00": 6.123001328865344e-17,
      "m01": -6.176644984206143e-17,
      "m02": 1,
      "m03": 0,
      "m04": 0.9999619722366333,
      "m05": -0.008722580038011074,
      "m06": -6.176644322461653e-17,
      "m07": 0,
      "m08": 0.008722580038011074,
      "m09": 0.9999619722366333,
      "m10": 6.123001328865344e-17,
      "m11": 0,
      "m12": -0.39951708912849426,
      "m13": 0.0015381199773401022,
      "m14": 2.4557437287147792e-17,
      "m15": 1
    }
  ],
  "_hash": 385481874
}