{
  "__type__": "cc.Skeleton",
  "_name": "Skin-1",
  "_objFlags": 0,
  "_native": "",
  "_joints": [
    "RootNode/Root_M/Spine1_M/Spine2_M/Chest_M/Neck_M/Head_M"
  ],
  "_bindposes": [
    {
      "__type__": "cc.Mat4",
      "m00": 1.7324950514065892e-17,
      "m01": -1.7476733193385698e-17,
      "m02": 0.061161383986473083,
      "m03": 0,
      "m04": 0.061159055680036545,
      "m05": -0.0005334848538041115,
      "m06": -1.7476733193385698e-17,
      "m07": 0,
      "m08": 0.0005334848538041115,
      "m09": 0.061159055680036545,
      "m10": 1.7324950514065892e-17,
      "m11": 0,
      "m12": -0.3993804454803467,
      "m13": 0.017200646921992302,
      "m14": -1.0743608407784915e-16,
      "m15": 1
    }
  ],
  "_hash": 3844356846
}