{
  "__type__": "cc.Skeleton",
  "_name": "Skin-0",
  "_objFlags": 0,
  "_native": "",
  "_joints": [
    "Root_M",
    "Root_M/Spine1_M",
    "Root_M/Spine1_M/Spine2_M",
    "Root_M/Spine1_M/Spine2_M/Chest_M",
    "Root_M/Spine1_M/Spine2_M/Chest_M/Neck_M",
    "Root_M/Spine1_M/Spine2_M/Chest_M/Neck_M/Head_M",
    "Root_M/Spine1_M/Spine2_M/Chest_M/Neck_M/Head_M/HeadEnd_M",
    "Root_M/Spine1_M/Spine2_M/Chest_M/Scapula_R",
    "Root_M/Spine1_M/Spine2_M/Chest_M/Scapula_R/Shoulder_R",
    "Root_M/Spine1_M/Spine2_M/Chest_M/Scapula_R/Shoulder_R/Elbow_R",
    "Root_M/Spine1_M/Spine2_M/Chest_M/Scapula_R/Shoulder_R/Elbow_R/Wrist_R",
    "Root_M/Spine1_M/Spine2_M/Chest_M/Scapula_L",
    "Root_M/Spine1_M/Spine2_M/Chest_M/Scapula_L/Shoulder_L",
    "Root_M/Spine1_M/Spine2_M/Chest_M/Scapula_L/Shoulder_L/Elbow_L",
    "Root_M/Spine1_M/Spine2_M/Chest_M/Scapula_L/Shoulder_L/Elbow_L/Wrist_L",
    "Root_M/Spine1_M/Belly1_M",
    "Root_M/buttock_L",
    "Root_M/joint1_R",
    "Root_M/joint2_L",
    "Root_M/Hip_R",
    "Root_M/Hip_R/Knee_R",
    "Root_M/Hip_R/Knee_R/Ankle_R",
    "Root_M/Hip_R/Knee_R/Ankle_R/Toes_R",
    "Root_M/Hip_R/Knee_R/Ankle_R/Toes_R/ToesEnd_R",
    "Root_M/Hip_L",
    "Root_M/Hip_L/Knee_L",
    "Root_M/Hip_L/Knee_L/Ankle_L",
    "Root_M/Hip_L/Knee_L/Ankle_L/Toes_L",
    "Root_M/Hip_L/Knee_L/Ankle_L/Toes_L/ToesEnd_L"
  ],
  "_bindposes": [
    {
      "__type__": "cc.Mat4",
      "m00": 7.084845373498841e-19,
      "m01": -6.818020172343962e-19,
      "m02": 0.002502874471247196,
      "m03": 0,
      "m04": 0.002501031383872032,
      "m05": 0.00009603540092939511,
      "m06": -6.818020172343962e-19,
      "m07": 0,
      "m08": -0.00009603540092939511,
      "m09": 0.002501031383872032,
      "m10": 7.084845373498841e-19,
      "m11": 0,
      "m12": -0.12655538320541382,
      "m13": 0.010649697855114937,
      "m14": 3.616780392194619e-17,
      "m15": 1
    },
    {
      "__type__": "cc.Mat4",
      "m00": 7.088498409879028e-19,
      "m01": -6.940959373896773e-19,
      "m02": 0.002502874471247196,
      "m03": 0,
      "m04": 0.002502321032807231,
      "m05": 0.000052636438340414315,
      "m06": -6.940959373896773e-19,
      "m07": 0,
      "m08": -0.000052636438340414315,
      "m09": 0.002502321032807231,
      "m10": 7.088498409879028e-19,
      "m11": 0,
      "m12": -0.17359641194343567,
      "m13": 0.01366306934505701,
      "m14": 4.262556987692318e-17,
      "m15": 1
    },
    {
      "__type__": "cc.Mat4",
      "m00": 7.0898544690957325e-19,
      "m01": -7.03526365059453e-19,
      "m02": 0.002502874471247196,
      "m03": 0,
      "m04": 0.0025027997326105833,
      "m05": 0.000019346009139553644,
      "m06": -7.03526365059453e-19,
      "m07": 0,
      "m08": -0.000019346009139553644,
      "m09": 0.0025027997326105833,
      "m10": 7.0898544690957325e-19,
      "m11": 0,
      "m12": -0.2263786941766739,
      "m13": 0.01667582429945469,
      "m14": 3.901222989433229e-17,
      "m15": 1
    },
    {
      "__type__": "cc.Mat4",
      "m00": 7.078114708252074e-19,
      "m01": -7.501565524418102e-19,
      "m02": 0.002502874471247196,
      "m03": 0,
      "m04": 0.0024986553471535444,
      "m05": -0.00014526395534630865,
      "m06": -7.501565524418102e-19,
      "m07": 0,
      "m08": 0.00014526395534630865,
      "m09": 0.0024986553471535444,
      "m10": 7.078114708252074e-19,
      "m11": 0,
      "m12": -0.2780075669288635,
      "m13": 0.03503163531422615,
      "m14": 1.303014688280993e-17,
      "m15": 1
    },
    {
      "__type__": "cc.Mat4",
      "m00": 7.073591581265057e-19,
      "m01": -7.573124402222182e-19,
      "m02": 0.002502874471247196,
      "m03": 0,
      "m04": 0.002497058594599366,
      "m05": -0.00017052495968528092,
      "m06": -7.573124402222182e-19,
      "m07": 0,
      "m08": 0.00017052495968528092,
      "m09": 0.002497058594599366,
      "m10": 7.073591581265057e-19,
      "m11": 0,
      "m12": -0.3275909125804901,
      "m13": 0.038346461951732635,
      "m14": -2.515250440237354e-17,
      "m15": 1
    },
    {
      "__type__": "cc.Mat4",
      "m00": 7.089796566452854e-19,
      "m01": -7.151910075637343e-19,
      "m02": 0.002502874471247196,
      "m03": 0,
      "m04": 0.0025027792435139418,
      "m05": -0.000021831514459336177,
      "m06": -7.151910075637343e-19,
      "m07": 0,
      "m08": 0.000021831514459336177,
      "m09": 0.0025027792435139418,
      "m10": 7.089796566452854e-19,
      "m11": 0,
      "m12": -0.39794212579727173,
      "m13": 0.014724078588187695,
      "m14": -1.0855118310057474e-16,
      "m15": 1
    },
    {
      "__type__": "cc.Mat4",
      "m00": 7.089796566452854e-19,
      "m01": -7.151910075637343e-19,
      "m02": 0.002502874471247196,
      "m03": 0,
      "m04": 0.0025027792435139418,
      "m05": -0.000021831514459336177,
      "m06": -7.151910075637343e-19,
      "m07": 0,
      "m08": 0.000021831514459336177,
      "m09": 0.0025027792435139418,
      "m10": 7.089796566452854e-19,
      "m11": 0,
      "m12": -0.5189749598503113,
      "m13": 0.014724078588187695,
      "m14": -6.623557434278743e-17,
      "m15": 1
    },
    {
      "__type__": "cc.Mat4",
      "m00": -0.002502874471247196,
      "m01": -4.5583070118482283e-7,
      "m02": -2.853230967048148e-7,
      "m03": 0,
      "m04": -2.602699282761023e-7,
      "m05": -0.00013527214468922466,
      "m06": 0.0024992162361741066,
      "m07": 0,
      "m08": -4.7058523477971903e-7,
      "m09": 0.0024992162361741066,
      "m10": 0.00013527208648156375,
      "m11": 0,
      "m12": -0.03706387057900429,
      "m13": 0.021384360268712044,
      "m14": -0.29736244678497314,
      "m15": 1
    },
    {
      "__type__": "cc.Mat4",
      "m00": -0.0025024216156452894,
      "m01": -0.00004760683441418223,
      "m02": 6.473121150207817e-9,
      "m03": 0,
      "m04": 0.0000025797121452342253,
      "m05": -0.00013526104157790542,
      "m06": 0.0024992155376821756,
      "m07": 0,
      "m08": -0.000047536890633637086,
      "m09": 0.0024987633805722,
      "m10": 0.00013528563431464136,
      "m11": 0,
      "m12": -0.0619332417845726,
      "m13": 0.020222807303071022,
      "m14": -0.29735514521598816,
      "m15": 1
    },
    {
      "__type__": "cc.Mat4",
      "m00": -0.002502301475033164,
      "m01": 0.00005355038956622593,
      "m02": 6.473121150207817e-9,
      "m03": 0,
      "m04": -0.0000028880490390292834,
      "m05": -0.00013525479880627245,
      "m06": 0.0024992155376821756,
      "m07": 0,
      "m08": 0.000053472453146241605,
      "m09": 0.002498643472790718,
      "m10": 0.00013528563431464136,
      "m11": 0,
      "m12": -0.15437377989292145,
      "m13": 0.02648240327835083,
      "m14": -0.29735514521598816,
      "m15": 1
    },
    {
      "__type__": "cc.Mat4",
      "m00": -0.002502301475033164,
      "m01": 0.00005355038956622593,
      "m02": 6.473121150207817e-9,
      "m03": 0,
      "m04": -0.0000028880490390292834,
      "m05": -0.00013525479880627245,
      "m06": 0.0024992155376821756,
      "m07": 0,
      "m08": 0.000053472453146241605,
      "m09": 0.002498643472790718,
      "m10": 0.00013528563431464136,
      "m11": 0,
      "m12": -0.23598337173461914,
      "m13": 0.02648240327835083,
      "m14": -0.29735514521598816,
      "m15": 1
    },
    {
      "__type__": "cc.Mat4",
      "m00": -0.002502874471247196,
      "m01": -4.558741579785419e-7,
      "m02": -2.8535032470244914e-7,
      "m03": 0,
      "m04": 2.6029474042843503e-7,
      "m05": 0.00013527213013730943,
      "m06": -0.0024992162361741066,
      "m07": 0,
      "m08": 4.7063011265890964e-7,
      "m09": -0.0024992162361741066,
      "m10": -0.00013527208648156375,
      "m11": 0,
      "m12": 0.03706386685371399,
      "m13": -0.021384358406066895,
      "m14": 0.29736244678497314,
      "m15": 1
    },
    {
      "__type__": "cc.Mat4",
      "m00": -0.0025024216156452894,
      "m01": -0.000047606878069927916,
      "m02": 6.4459118043203034e-9,