{
  "__type__": "cc.Skeleton",
  "_name": "Skin-0",
  "_objFlags": 0,
  "_native": "",
  "_joints": [
    "Root_M/Body_M",
    "Root_M/Body_M/BodyEnd_M",
    "Root_M/Body_M/wing1_R",
    "Root_M/Body_M/wing1_R/wing2_R",
    "Root_M/Body_M/wing1_R/wing2_R/wing3_R",
    "Root_M/Body_M/wing1_R/wing2_R/wing3_R/wing4_R",
    "Root_M/Body_M/wing1_L",
    "Root_M/Body_M/wing1_L/wing2_L",
    "Root_M/Body_M/wing1_L/wing2_L/wing3_L",
    "Root_M/Body_M/wing1_L/wing2_L/wing3_L/wing4_L",
    "Root_M/hehe1_R",
    "Root_M/hehe1_R/hehe2_R",
    "Root_M/hehe1_L",
    "Root_M/hehe1_L/hehe2_L"
  ],
  "_bindposes": [
    {
      "__type__": "cc.Mat4",
      "m00": 6.123234262925839e-17,
      "m01": -6.123234262925839e-17,
      "m02": 1,
      "m03": 0,
      "m04": 1,
      "m05": 3.7493993930529855e-33,
      "m06": -6.123234262925839e-17,
      "m07": 0,
      "m08": 0,
      "m09": 1,
      "m10": 6.123234262925839e-17,
      "m11": 0,
      "m12": -0.03999999910593033,
      "m13": -1.4997597480376446e-34,
      "m14": 2.449293581093244e-18,
      "m15": 1
    },
    {
      "__type__": "cc.Mat4",
      "m00": 6.123234262925839e-17,
      "m01": -6.123234262925839e-17,
      "m02": 1,
      "m03": 0,
      "m04": 1,
      "m05": 3.7493993930529855e-33,
      "m06": -6.123234262925839e-17,
      "m07": 0,
      "m08": 0,
      "m09": 1,
      "m10": 6.123234262925839e-17,
      "m11": 0,
      "m12": -0.0714607834815979,
      "m13": -2.679350191577319e-34,
      "m14": 4.37571058056008e-18,
      "m15": 1
    },
    {
      "__type__": "cc.Mat4",
      "m00": -0.8373888731002808,
      "m01": 0.537198007106781,
      "m02": 0.10098698735237122,
      "m03": 0,
      "m04": 0.5399582982063293,
      "m05": 0.8416919708251953,
      "m06": -1.9231993775292722e-8,
      "m07": 0,
      "m08": -0.08499990403652191,
      "m09": 0.05452874302864075,
      "m10": -0.9948880076408386,
      "m11": 0,
      "m12": -0.054892852902412415,
      "m13": -0.03585086017847061,
      "m14": -0.003167739138007164,
      "m15": 1
    },
    {
      "__type__": "cc.Mat4",
      "m00": -0.9745690226554871,
      "m01": 0.22308999300003052,
      "m02": 0.021122001111507416,
      "m03": 0,
      "m04": 0.2231398969888687,
      "m05": 0.9747859835624695,
      "m06": 5.298025129718553e-9,
      "m07": 0,
      "m08": -0.0205894373357296,
      "m09": 0.004713163245469332,
      "m10": -0.9997770190238953,
      "m11": 0,
      "m12": -0.07946190237998962,
      "m13": -0.06694956123828888,
      "m14": -0.00819242000579834,
      "m15": 1
    },
    {
      "__type__": "cc.Mat4",
      "m00": -0.9793350100517273,
      "m01": 0.2007949948310852,
      "m02": -0.024186501279473305,
      "m03": 0,
      "m04": 0.2008538842201233,
      "m05": 0.9796209931373596,
      "m06": 3.021645433864961e-10,
      "m07": 0,
      "m08": 0.02369362860918045,
      "m09": -0.004857951309531927,
      "m10": -0.9997069835662842,
      "m11": 0,
      "m12": -0.10536490380764008,
      "m13": -0.06947357207536697,
      "m14": -0.012248359620571136,
      "m15": 1
    },
    {
      "__type__": "cc.Mat4",
      "m00": -0.9793350100517273,
      "m01": 0.2007949948310852,
      "m02": -0.024186501279473305,
      "m03": 0,
      "m04": 0.2008538842201233,
      "m05": 0.9796209931373596,
      "m06": 3.021645433864961e-10,
      "m07": 0,
      "m08": 0.02369362860918045,
      "m09": -0.004857951309531927,
      "m10": -0.9997069835662842,
      "m11": 0,
      "m12": -0.1296195387840271,
      "m13": -0.06947357207536697,
      "m14": -0.012248359620571136,
      "m15": 1
    },
    {
      "__type__": "cc.Mat4",
      "m00": -0.8373888731002808,
      "m01": 0.537198007106781,
      "m02": 0.10098698735237122,
      "m03": 0,
      "m04": -0.5399582982063293,
      "m05": -0.8416919708251953,
      "m06": 2.2559623502615977e-8,
      "m07": 0,
      "m08": 0.08499990403652191,
      "m09": -0.05452873930335045,
      "m10": 0.9948880076408386,
      "m11": 0,
      "m12": 0.054892852902412415,
      "m13": 0.03585086017847061,
      "m14": 0.003167729126289487,
      "m15": 1
    },
    {
      "__type__": "cc.Mat4",
      "m00": -0.9745690226554871,
      "m01": 0.22308999300003052,
      "m02": 0.021122001111507416,
      "m03": 0,
      "m04": -0.2231398969888687,
      "m05": -0.9747859835624695,
      "m06": -1.981046882093551e-9,
      "m07": 0,
      "m08": 0.020589439198374748,
      "m09": -0.004713159985840321,
      "m10": 0.9997770190238953,
      "m11": 0,
      "m12": 0.07946190237998962,
      "m13": 0.06694956123828888,
      "m14": 0.00819242000579834,
      "m15": 1
    },
    {
      "__type__": "cc.Mat4",
      "m00": -0.9793350100517273,
      "m01": 0.2007949948310852,
      "m02": -0.024186501279473305,
      "m03": 0,
      "m04": -0.2008538842201233,
      "m05": -0.9796209931373596,
      "m06": 2.9993552086438058e-9,
      "m07": 0,
      "m08": -0.02369362860918045,
      "m09": 0.004857954569160938,
      "m10": 0.9997069835662842,
      "m11": 0,
      "m12": 0.10536490380764008,
      "m13": 0.06947357207536697,
      "m14": 0.012248359620571136,
      "m15": 1
    },
    {
      "__type__": "cc.Mat4",
      "m00": -0.9793350100517273,
      "m01": 0.2007949948310852,
      "m02": -0.024186501279473305,
      "m03": 0,
      "m04": -0.2008538842201233,
      "m05": -0.9796209931373596,
      "m06": 2.9993552086438058e-9,
      "m07": 0,
      "m08": -0.02369362860918045,
      "m09": 0.004857954569160938,
      "m10": 0.9997069835662842,
      "m11": 0,
      "m12": 0.1296195387840271,
      "m13": 0.06947357207536697,
      "m14": 0.012248359620571136,
      "m15": 1
    },
    {
      "__type__": "cc.Mat4",
      "m00": -0.298226922750473,
      "m01": -0.0074866898357868195,
      "m02": 0.9544659852981567,
      "m03": 0,
      "m04": -0.02509518899023533,
      "m05": 0.9996849894523621,
      "m06": 2.8389766271175176e-7,
      "m07": 0,
      "m08": -0.9541650414466858,
      "m09": -0.023952409625053406,
      "m10": -0.298321008682251,
      "m11": 0,
      "m12": -0.032782576978206635,
      "m13": 0.005247400142252445,
      "m14": 0.06480015814304352,
      "m15": 1
    },
    {
      "__type__": "cc.Mat4",
      "m00": 1,
      "m01": 1.6358599808086183e-8,
      "m02": -3.697785493223493e-32,
      "m03": 0,
      "m04": -1.6358599808086183e-8,
      "m05": 1,
      "m06": 4.512359819131007e-9,
      "m07": 0,
      "m08": 7.381589056344788e-17,
      "m09": -4.512359819131007e-9,
      "m10": 1,
      "m11": 0,
      "m12": 0.09406731277704239,
      "m13": 0.007960130460560322,
      "m14": 0.08374810218811035,
      "m15": 1
    },
    {
      "__type__": "cc.Mat4",
      "m00": -0.298226922750473,
      "m01": -0.007486725691705942,
      "m02": 0.9544659852981567,
      "m03": 0,
      "m04": 0.025095194578170776,
      "m05": -0.9996849894523621,
      "m06": -3.1992883009479556e-7,
      "m07": 0,
      "m08": 0.9541650414466858,
      "m09": 0.023952404037117958,
      "m10": 0.298321008682251,
      "m11": 0,
      "m12": 0.032782576978206635,
      "m13": -0.005247399210929871,
      "m14": -0.06480015814304352,
      "m15": 1
    },
    {
      "__type__": "cc.Mat4",
      "m00": 1,
      "m01": 1.710040026248194e-10,
      "m02": -4.4123898583227215e-27,
      "m03": 0,
      "m04": 1.710040026248194e-10,
      "m05": -1,
      "m06": 5.471220143604683e-10,
      "m07": 0,
      "m08": 9.356005325335455e-20,
      "m09": -5.471220143604683e-10,
      "m10": -1,
      "m11": 0,
      "m12": -0.09406731277704239,
      "m13": -0.007960130460560322,
      "m14": -0.08374810218811035,
      "m15": 1
    }
  ],
  "_hash": 1414786020
}