{
  "__type__": "cc.Skeleton",
  "_name": "Skin-2",
  "_objFlags": 0,
  "_native": "",
  "_joints": [
    "joint1/joint2/joint3/joint7"
  ],
  "_bindposes": [
    {
      "__type__": "cc.Mat4",
      "m00": -9.324379558369714e-17,
      "m01": -7.10561624594824e-15,
      "m02": -1,
      "m03": 0,
      "m04": -0.00404855003580451,
      "m05": 0.9999918341636658,
      "m06": -7.105180447496877e-15,
      "m07": 0,
      "m08": 0.9999918341636658,
      "m09": 0.00404855003580451,
      "m10": -1.2201047707544147e-16,
      "m11": 0,
      "m12": -0.03948741778731346,
      "m13": -0.14396008849143982,
      "m14": -0.034287285059690475,
      "m15": 1
    }
  ],
  "_hash": 2402479545
}