{
  "__type__": "cc.Skeleton",
  "_name": "Skin-0",
  "_objFlags": 0,
  "_native": "",
  "_joints": [
    "SKEL_Sniper_02/root",
    "SKEL_Sniper_02/root/magazine",
    "SKEL_Sniper_02/root/magazine/SOCKET_Magazine",
    "SKEL_Sniper_02/root/bolt",
    "SKEL_Sniper_02/root/handle",
    "SKEL_Sniper_02/root/barrel",
    "SKEL_Sniper_02/root/barrel/SOCKET_Muzzle",
    "SKEL_Sniper_02/root/SOCKET_Default",
    "SKEL_Sniper_02/root/SOCKET_Scope",
    "SKEL_Sniper_02/root/SOCKET_Laser",
    "SKEL_Sniper_02/root/SOCKET_Grip",
    "SKEL_Sniper_02/root/SOCKET_Eject"
  ],
  "_bindposes": [
    {
      "__type__": "cc.Mat4",
      "m00": 1,
      "m01": 1.0964512853206543e-7,
      "m02": -6.713827925824125e-24,
      "m03": 0,
      "m04": -1.0964512853206543e-7,
      "m05": 1,
      "m06": 3.697785493223493e-31,
      "m07": 0,
      "m08": 6.713827925824125e-24,
      "m09": 3.697785493223493e-31,
      "m10": 1,
      "m11": 0,
      "m12": 6.810390473788175e-9,
      "m13": -0.045165009796619415,
      "m14": -0.011385267600417137,
      "m15": 1
    },
    {
      "__type__": "cc.Mat4",
      "m00": 1,
      "m01": 5.742869291225361e-9,
      "m02": 2.5030416514427653e-15,
      "m03": 0,
      "m04": -5.742869291225361e-9,
      "m05": 1,
      "m06": 8.184300668290234e-7,
      "m07": 0,
      "m08": 2.1970952567186433e-15,
      "m09": -8.184300668290234e-7,
      "m10": 1,
      "m11": 0,
      "m12": 0.00008279454777948558,
      "m13": 0.10975160449743271,
      "m14": 0.025470757856965065,
      "m15": 1
    },
    {
      "__type__": "cc.Mat4",
      "m00": 1,
      "m01": 8.267310391829596e-9,
      "m02": 4.54926954058534e-15,
      "m03": 0,
      "m04": -8.267310391829596e-9,
      "m05": 1,
      "m06": 0.0000011005444093825645,
      "m07": 0,
      "m08": 4.549272505200656e-15,
      "m09": -0.0000011005444093825645,
      "m10": 1,
      "m11": 0,
      "m12": 0.00008279427856905386,
      "m13": 0.10975159704685211,
      "m14": 0.02547079138457775,
      "m15": 1
    },
    {
      "__type__": "cc.Mat4",
      "m00": 1,
      "m01": 5.1812630630365675e-8,
      "m02": -3.1726086425359775e-24,
      "m03": 0,
      "m04": -5.1812630630365675e-8,
      "m05": 1,
      "m06": 7.395570986446986e-32,
      "m07": 0,
      "m08": 3.1726086425359775e-24,
      "m09": 7.395570986446986e-32,
      "m10": 1,
      "m11": 0,
      "m12": 0.030997324734926224,
      "m13": 0.08293262124061584,
      "m14": -0.08697889000177383,
      "m15": 1
    },
    {
      "__type__": "cc.Mat4",
      "m00": 1,
      "m01": 3.7705014221955935e-8,
      "m02": -2.3087663110584822e-24,
      "m03": 0,
      "m04": -3.7705014221955935e-8,
      "m05": 1,
      "m06": 4.930380657631324e-32,
      "m07": 0,
      "m08": 2.3087663110584822e-24,
      "m09": 4.930380657631324e-32,
      "m10": 1,
      "m11": 0,
      "m12": -0.000051409078878350556,
      "m13": 0.3320600092411041,
      "m14": -0.12848038971424103,
      "m15": 1
    },
    {
      "__type__": "cc.Mat4",
      "m00": 1,
      "m01": 3.258016789686735e-8,
      "m02": -1.9949600067595057e-24,
      "m03": 0,
      "m04": -3.258016789686735e-8,
      "m05": 1,
      "m06": 3.697785493223493e-32,
      "m07": 0,
      "m08": 1.9949600067595057e-24,
      "m09": 2.465190328815662e-32,
      "m10": 1,
      "m11": 0,
      "m12": -0.0003423145681153983,
      "m13": 0.42927470803260803,
      "m14": -0.08193933218717575,
      "m15": 1
    },
    {
      "__type__": "cc.Mat4",
      "m00": 1,
      "m01": 1.5416199516948836e-7,
      "m02": -9.439699707352786e-24,
      "m03": 0,
      "m04": -1.5416199516948836e-7,
      "m05": 1,
      "m06": 7.395570986446986e-31,
      "m07": 0,
      "m08": 9.439699707352786e-24,
      "m09": 7.1490519535654195e-31,
      "m10": 1,
      "m11": 0,
      "m12": -1.0853120357978696e-7,
      "m13": 0.7160406708717346,
      "m14": -0.0852574035525322,
      "m15": 1
    },
    {
      "__type__": "cc.Mat4",
      "m00": 1,
      "m01": 1.540089016316415e-7,
      "m02": -9.430325673216044e-24,
      "m03": 0,
      "m04": -1.540089016316415e-7,
      "m05": 1,
      "m06": 7.395570986446986e-31,
      "m07": 0,
      "m08": 9.430325673216044e-24,
      "m09": 7.1490519535654195e-31,
      "m10": 1,
      "m11": 0,
      "m12": 8.814081020602771e-9,
      "m13": -0.045165009796619415,
      "m14": -0.011385267600417137,
      "m15": 1
    },
    {
      "__type__": "cc.Mat4",
      "m00": 1,
      "m01": 1.5400888742078678e-7,
      "m02": -9.430324884355139e-24,
      "m03": 0,
      "m04": -1.5400888742078678e-7,
      "m05": 1,
      "m06": 7.395570986446986e-31,
      "m07": 0,
      "m08": 9.430324884355139e-24,
      "m09": 7.1490519535654195e-31,
      "m10": 1,
      "m11": 0,
      "m12": -4.33627000973047e-9,
      "m13": 0.04022195190191269,
      "m14": -0.11623743176460266,
      "m15": 1
    },
    {
      "__type__": "cc.Mat4",
      "m00": -7.589671326968528e-7,
      "m01": 2.107003211904157e-7,
      "m02": -1,
      "m03": 0,
      "m04": 1.614379880861619e-13,
      "m05": 1.0000001192092896,
      "m06": 2.107003211904157e-7,
      "m07": 0,
      "m08": 1,
      "m09": -1.5233688503625987e-15,
      "m10": -7.589671326968528e-7,
      "m11": 0,
      "m12": -0.071541927754879,
      "m13": 0.4092382788658142,
      "m14": 0.02112291380763054,
      "m15": 1
    },
    {
      "__type__": "cc.Mat4",
      "m00": 1,
      "m01": 1.540089016316415e-7,
      "m02": -9.430325673216044e-24,
      "m03": 0,
      "m04": -1.540089016316415e-7,
      "m05": 1,
      "m06": 7.395570986446986e-31,
      "m07": 0,
      "m08": 9.430325673216044e-24,
      "m09": 7.1490519535654195e-31,
      "m10": 1,
      "m11": 0,
      "m12": -6.178832734349271e-8,
      "m13": 0.41326573491096497,
      "m14": -0.04429749399423599,
      "m15": 1
    },
    {
      "__type__": "cc.Mat4",
      "m00": -0.7071068286895752,
      "m01": 1.8543644841884088e-7,
      "m02": -0.7071068286895752,
      "m03": 0,
      "m04": 1.311233717160576e-7,
      "m05": 1,
      "m06": 1.311233717160576e-7,
      "m07": 0,
      "m08": 0.7071068286895752,
      "m09": -1.2124105352197934e-16,
      "m10": -0.7071068286895752,
      "m11": 0,
      "m12": -0.07404514402151108,
      "m13": 0.11537361145019531,
      "m14": 0.04617778956890106,
      "m15": 1
    }
  ],
  "_hash": 808828351
}