{
  "__type__": "cc.AnimationClip",
  "_name": "OpenDoor_Anim",
  "_objFlags": 0,
  "_native": "",
  "_duration": 0.4166666666666667,
  "sample": 60,
  "speed": 1,
  "wrapMode": 1,
  "curveData": {
    "paths": {
      "cuadong": {
        "props": {
          "position": [
            {
              "frame": 0.16666666666666666,
              "value": [
                0,
                -18,
                0
              ]
            },
            {
              "frame": 0.4166666666666667,
              "value": [
                255,
                -40,
                0
              ]
            }
          ],
          "skewY": [
            {
              "frame": 0.16666666666666666,
              "value": 0
            },
            {
              "frame": 0.4166666666666667,
              "value": 10
            }
          ],
          "scale": [
            {
              "frame": 0.16666666666666666,
              "value": {
                "__type__": "cc.Vec3",
                "x": 1,
                "y": 1,
                "z": 1
              }
            },
            {
              "frame": 0.4166666666666667,
              "value": {
                "__type__": "cc.Vec3",
                "x": -1,
                "y": 1,
                "z": 1
              }
            }
          ]
        }
      }
    }
  },
  "events": []
}