{
  "__type__": "cc.Skeleton",
  "_name": "Skin-4",
  "_objFlags": 0,
  "_native": "",
  "_joints": [
    "Root_M/Body_M/Door_R"
  ],
  "_bindposes": [
    {
      "__type__": "cc.Mat4",
      "m00": 0.9998074769973755,
      "m01": 0.019620904698967934,
      "m02": -1.714984487755089e-9,
      "m03": 0,
      "m04": -0.019620904698967934,
      "m05": 0.9998074769973755,
      "m06": 3.3650131292528584e-11,
      "m07": 0,
      "m08": 1.7153145570603101e-9,
      "m09": 5.893237236235952e-15,
      "m10": 1,
      "m11": 0,
      "m12": 0.0219548549503088,
      "m13": -0.0442381277680397,
      "m14": 0.09981140494346619,
      "m15": 1
    }
  ],
  "_hash": 187442730
}