{
  "__type__": "cc.Skeleton",
  "_name": "Skin-5",
  "_objFlags": 0,
  "_native": "",
  "_joints": [
    "RootNode/Root_M"
  ],
  "_bindposes": [
    {
      "__type__": "cc.Mat4",
      "m00": 6.115616922100961e-17,
      "m01": -5.817938442444768e-17,
      "m02": 1,
      "m03": 0,
      "m04": 0.9987559914588928,
      "m05": 0.049858201295137405,
      "m06": -5.817940427678238e-17,
      "m07": 0,
      "m08": -0.049858201295137405,
      "m09": 0.9987559914588928,
      "m10": 6.115618245589941e-17,
      "m11": 0,
      "m12": -0.5236275792121887,
      "m13": 0.0009335719514638186,
      "m14": 3.207738917542657e-17,
      "m15": 1
    }
  ],
  "_hash": 1410511144
}