{
  "__type__": "cc.Skeleton",
  "_name": "Skin-2",
  "_objFlags": 0,
  "_native": "",
  "_joints": [
    "Root_M/Body_M"
  ],
  "_bindposes": [
    {
      "__type__": "cc.Mat4",
      "m00": 5.053215392444312e-16,
      "m01": -5.053215392444312e-16,
      "m02": 1,
      "m03": 0,
      "m04": 1,
      "m05": 1.7763568394002505e-15,
      "m06": -5.053215392444312e-16,
      "m07": 0,
      "m08": -1.7763568394002505e-15,
      "m09": 1,
      "m10": 5.053215392444312e-16,
      "m11": 0,
      "m12": -0.03999999910593033,
      "m13": -3.0887238401362824e-17,
      "m14": 1.3949537454147306e-17,
      "m15": 1
    }
  ],
  "_hash": 3301849132
}