{
  "__type__": "cc.Skeleton",
  "_name": "Skin-1",
  "_objFlags": 0,
  "_native": "",
  "_joints": [
    "Root_M",
    "Root_M/Spine1_M",
    "Root_M/Spine1_M/Spine2_M",
    "Root_M/joint17_R",
    "Root_M/joint17_R/joint18_R",
    "Root_M/joint17_R/joint18_R/joint19_R",
    "Root_M/joint8_M",
    "Root_M/joint8_M/joint9_M",
    "Root_M/joint8_M/joint9_M/joint10_M",
    "Root_M/joint20_R",
    "Root_M/joint20_R/joint21_R",
    "Root_M/joint20_R/joint21_R/joint22_R",
    "Root_M/joint14_R",
    "Root_M/joint14_R/joint15_R",
    "Root_M/joint14_R/joint15_R/joint16_R",
    "Root_M/joint11_M",
    "Root_M/joint11_M/joint12_M",
    "Root_M/joint11_M/joint12_M/joint13_M",
    "Root_M/Hip_R",
    "Root_M/Hip_R/HipPart1_R",
    "Root_M/joint17_L",
    "Root_M/joint17_L/joint18_L",
    "Root_M/joint17_L/joint18_L/joint19_L",
    "Root_M/joint20_L",
    "Root_M/joint20_L/joint21_L",
    "Root_M/joint20_L/joint21_L/joint22_L",
    "Root_M/joint14_L",
    "Root_M/joint14_L/joint15_L",
    "Root_M/joint14_L/joint15_L/joint16_L",
    "Root_M/Hip_L",
    "Root_M/Hip_L/HipPart1_L"
  ],
  "_bindposes": [
    {
      "__type__": "cc.Mat4",
      "m00": 6.063146539741007e-17,
      "m01": -5.267528823257288e-17,
      "m02": 1,
      "m03": 0,
      "m04": 0.9901869893074036,
      "m05": 0.1397469937801361,
      "m06": -5.267530146746268e-17,
      "m07": 0,
      "m08": -0.1397469937801361,
      "m09": 0.9901869893074036,
      "m10": 6.063147863229987e-17,
      "m11": 0,
      "m12": -0.057486459612846375,
      "m13": -0.007058959919959307,
      "m14": 3.113657131750162e-18,
      "m15": 1
    },
    {
      "__type__": "cc.Mat4",
      "m00": 6.100608557066799e-17,
      "m01": -5.597331358310345e-17,
      "m02": 1,
      "m03": 0,
      "m04": 0.996304988861084,
      "m05": 0.08588650077581406,
      "m06": -5.597330696565855e-17,
      "m07": 0,
      "m08": -0.08588650077581406,
      "m09": 0.996304988861084,
      "m10": 6.100607895322309e-17,
      "m11": 0,
      "m12": -0.06366778165102005,
      "m13": -0.0036142899189144373,
      "m14": 3.681817716010785e-18,
      "m15": 1
    },
    {
      "__type__": "cc.Mat4",
      "m00": 6.120141930923871e-17,
      "m01": -5.928678735875407e-17,
      "m02": 1,
      "m03": 0,
      "m04": 0.9994950294494629,
      "m05": 0.031773198395967484,
      "m06": -5.928679397619897e-17,
      "m07": 0,
      "m08": -0.031773198395967484,
      "m09": 0.9994950294494629,
      "m10": 6.120142592668361e-17,
      "m11": 0,
      "m12": -0.06965334713459015,
      "m13": 0.0001602709962753579,
      "m14": 4.272386623065469e-18,
      "m15": 1
    },
    {
      "__type__": "cc.Mat4",
      "m00": -0.2550000250339508,
      "m01": -0.1489269733428955,
      "m02": -0.9554039835929871,
      "m03": 0,
      "m04": -0.9081589579582214,
      "m05": 0.3761399984359741,
      "m06": 0.1837579756975174,
      "m07": 0,
      "m08": 0.33199912309646606,
      "m09": 0.914516031742096,
      "m10": -0.2311650663614273,
      "m11": 0,
      "m12": 0.04903097450733185,
      "m13": -0.02603933960199356,
      "m14": -0.013879007659852505,
      "m15": 1
    },
    {
      "__type__": "cc.Mat4",
      "m00": -0.2434016615152359,
      "m01": -0.16721181571483612,
      "m02": -0.9554039835929871,
      "m03": 0,
      "m04": -0.9332789182662964,
      "m05": 0.30858296155929565,
      "m06": 0.18375800549983978,
      "m07": 0,
      "m08": 0.2640947103500366,
      "m09": 0.9363850355148315,
      "m10": -0.23116497695446014,
      "m11": 0,
      "m12": 0.045869823545217514,
      "m13": -0.022739358246326447,
      "m14": -0.013879010453820229,
      "m15": 1
    },
    {
      "__type__": "cc.Mat4",
      "m00": -0.2434016615152359,
      "m01": -0.16721181571483612,
      "m02": -0.9554039835929871,
      "m03": 0,
      "m04": -0.9332789182662964,
      "m05": 0.30858296155929565,
      "m06": 0.18375800549983978,
      "m07": 0,
      "m08": 0.2640947103500366,
      "m09": 0.9363850355148315,
      "m10": -0.23116497695446014,
      "m11": 0,
      "m12": 0.03942341357469559,
      "m13": -0.022739358246326447,
      "m14": -0.013879010453820229,
      "m15": 1
    },
    {
      "__type__": "cc.Mat4",
      "m00": 6.004326718999097e-17,
      "m01": 7.324100003772353e-17,
      "m02": 1,
      "m03": 0,
      "m04": -0.9805809855461121,
      "m05": -0.19611600041389465,
      "m06": 7.324098018538882e-17,
      "m07": 0,
      "m08": 0.19611600041389465,
      "m09": -0.9805809855461121,
      "m10": 6.004325395510116e-17,
      "m11": 0,
      "m12": 0.055351629853248596,
      "m13": 0.015129249542951584,
      "m14": -4.4315717416870114e-18,
      "m15": 1
    },
    {
      "__type__": "cc.Mat4",
      "m00": 6.068075874447333e-17,
      "m01": 6.943242888695787e-17,
      "m02": 1,
      "m03": 0,
      "m04": -0.99099200963974,
      "m05": -0.13391800224781036,
      "m06": 6.943245535673747e-17,
      "m07": 0,
      "m08": 0.13391800224781036,
      "m09": -0.99099200963974,
      "m10": 6.068078521425293e-17,
      "m11": 0,
      "m12": 0.05133892968297005,
      "m13": 0.011916929855942726,
      "m14": -3.9427100676197034e-18,
      "m15": 1
    },
    {
      "__type__": "cc.Mat4",
      "m00": 6.068075874447333e-17,
      "m01": 6.943242888695787e-17,
      "m02": 1,
      "m03": 0,
      "m04": -0.99099200963974,
      "m05": -0.13391800224781036,
      "m06": 6.943245535673747e-17,
      "m07": 0,
      "m08": 0.13391800224781036,
      "m09": -0.99099200963974,
      "m10": 6.068078521425293e-17,
      "m11": 0,
      "m12": 0.04342123866081238,
      "m13": 0.011916929855942726,
      "m14": -3.462258132045069e-18,
      "m15": 1
    },
    {
      "__type__": "cc.Mat4",
      "m00": -0.4199169874191284,
      "m01": -0.9075629711151123,
      "m02": -1.5592799273989044e-9,
      "m03": 0,
      "m04": -0.9075629711151123,
      "m05": 0.4199169874191284,
      "m06": 7.214589481385758e-10,
      "m07": 0,
      "m08": -1.3146569675438237e-15,
      "m09": 1.7180976641384405e-9,
      "m10": -1,
      "m11": 0,
      "m12": 0.048821549862623215,
      "m13": -0.033555060625076294,
      "m14": -5.3640297065227216e-11,
      "m15": 1
    },
    {
      "__type__": "cc.Mat4",
      "m00": -0.30441901087760925,
      "m01": -0.952538013458252,
      "m02": -1.559279816376602e-9,
      "m03": 0,
      "m04": -0.952538013458252,
      "m05": 0.30441901087760925,
      "m06": 7.214589481385758e-10,
      "m07": 0,
      "m08": -2.1254265014647444e-10,
      "m09": 1.7048991107770917e-9,
      "m10": -1,
      "m11": 0,
      "m12": 0.04721133038401604,
      "m13": -0.027929209172725677,
      "m14": -7.379579586297424e-11,
      "m15": 1
    },
    {
      "__type__": "cc.Mat4",
      "m00": -0.30441901087760925,
      "m01": -0.952538013458252,
      "m02": -1.559279816376602e-9,
      "m03": 0,
      "m04": -0.952538013458252,
      "m05": 0.30441901087760925,
      "m06": 7.214589481385758e-10,
      "m07": 0,
      "m08": -2.1254265014647444e-10,
      "m09": 1.7048991107770917e-9,
      "m10": -1,
      "m11": 0,
      "m12": 0.03972405940294266,
      "m13": -0.027929209172725677,
      "m14": -7.379579586297424e-11,
      "m15": 1
    },
    {
      "__type__": "cc.Mat4",
      "m00": -0.3281128406524658,
      "m01": -0.3838149309158325,
      "m02": 0.8631498217582703,
      "m03": 0,
      "m04": -0.8593750596046448,
      "m05": 0.5006459951400757,
      "m06": -0.10405676811933517,
      "m07": 0,
      "m08": -0.3921940326690674,
      "m09": -0.7759120464324951,
      "m10": -0.4941093623638153,
      "m11": 0,
      "m12": 0.04411699250340462,
      "m13": -0.03861686959862709,
      "m14": 0.007107842247933149,
      "m15": 1
    },
    {
      "__type__": "cc.Mat4",
      "m00": -0.2421835958957672,
      "m01": -0.44307878613471985,
      "m02": 0.863149881362915,
      "m03": 0,
      "m04": -0.9439538717269897,
      "m05": 0.3132469654083252,
      "m06": -0.1040569320321083,