{
  "__type__": "cc.Skeleton",
  "_name": "Skin-2",
  "_objFlags": 0,
  "_native": "",
  "_joints": [
    "Root_M/Spine1_M/Belly1_M"
  ],
  "_bindposes": [
    {
      "__type__": "cc.Mat4",
      "m00": 0.0011586538748815656,
      "m01": -2.0053277390018395e-21,
      "m02": -1.0651126248345522e-12,
      "m03": 0,
      "m04": 1.0651126248345522e-12,
      "m05": -3.430067896381672e-10,
      "m06": 0.0011586538748815656,
      "m07": 0,
      "m08": -3.173202348530251e-19,
      "m09": -0.0011586538748815656,
      "m10": -3.430067896381672e-10,
      "m11": 0,
      "m12": -4.4465667259352415e-11,
      "m13": -0.18404220044612885,
      "m14": -0.04837077111005783,
      "m15": 1
    }
  ],
  "_hash": 1786356447
}