{
  "__type__": "cc.Skeleton",
  "_name": "Skin-66",
  "_objFlags": 0,
  "_native": "",
  "_joints": [
    "Root_M/Tail0_M/Tail1_M/Tail2_M/Tail3_M/Tail4_M/Tail5_M",
    "Root_M/RootPart1_M/RootPart2_M/Spine2_M/Chest_M/Neck_M",
    "Root_M/RootPart1_M/RootPart2_M/Spine2_M/Chest_M/Neck_M/NeckPart1_M",
    "Root_M/RootPart1_M/RootPart2_M/Spine2_M/Chest_M/Neck_M/NeckPart1_M/Head_M",
    "Root_M/RootPart1_M/RootPart2_M/Spine2_M/Chest_M/Neck_M/NeckPart1_M/Head_M/HeadEnd_M",
    "Root_M/RootPart1_M/RootPart2_M/Spine2_M/Chest_M/Neck_M/NeckPart1_M/Head_M/Jaw_M"
  ],
  "_bindposes": [
    {
      "__type__": "cc.Mat4",
      "m00": 4.554239652065917e-9,
      "m01": 1.3895285810860969e-8,
      "m02": -1,
      "m03": 0,
      "m04": 0.9997028112411499,
      "m05": 0.024378489702939987,
      "m06": 4.891632432446613e-9,
      "m07": 0,
      "m08": 0.024378489702939987,
      "m09": -0.9997028112411499,
      "m10": -1.3780130814211589e-8,
      "m11": 0,
      "m12": -0.028023043647408485,
      "m13": -0.01648310199379921,
      "m14": -1.180170128289859e-10,
      "m15": 1
    },
    {
      "__type__": "cc.Mat4",
      "m00": 2.673881782655485e-9,
      "m01": -1.4376032808627315e-8,
      "m02": 1,
      "m03": 0,
      "m04": 0.9876683354377747,
      "m05": -0.15656070411205292,
      "m06": -4.891630212000564e-9,
      "m07": 0,
      "m08": 0.15656070411205292,
      "m09": 0.9876683354377747,
      "m10": 1.378012814967633e-8,
      "m11": 0,
      "m12": -0.016659321263432503,
      "m13": -0.006594500504434109,
      "m14": 1.4324415265054569e-10,
      "m15": 1
    },
    {
      "__type__": "cc.Mat4",
      "m00": 2.673881782655485e-9,
      "m01": -1.4376032808627315e-8,
      "m02": 1,
      "m03": 0,
      "m04": 0.9876683354377747,
      "m05": -0.15656070411205292,
      "m06": -4.891630212000564e-9,
      "m07": 0,
      "m08": 0.15656070411205292,
      "m09": 0.9876683354377747,
      "m10": 1.378012814967633e-8,
      "m11": 0,
      "m12": -0.022498616948723793,
      "m13": -0.006594500504434109,
      "m14": 1.1426250917656589e-10,
      "m15": 1
    },
    {
      "__type__": "cc.Mat4",
      "m00": 4.328988278956558e-9,
      "m01": -1.3967098588807403e-8,
      "m02": 1,
      "m03": 0,
      "m04": 0.9991779923439026,
      "m05": -0.040538135915994644,
      "m06": -4.891630212000564e-9,
      "m07": 0,
      "m08": 0.040538135915994644,
      "m09": 0.9991779923439026,
      "m10": 1.378012814967633e-8,
      "m11": 0,
      "m12": -0.027377745136618614,
      "m13": -0.009848035871982574,
      "m14": 4.091108354864481e-11,
      "m15": 1
    },
    {
      "__type__": "cc.Mat4",
      "m00": 4.328988278956558e-9,
      "m01": -1.3967098588807403e-8,
      "m02": 1,
      "m03": 0,
      "m04": 0.9991779923439026,
      "m05": -0.040538135915994644,
      "m06": -4.891630212000564e-9,
      "m07": 0,
      "m08": 0.040538135915994644,
      "m09": 0.9991779923439026,
      "m10": 1.378012814967633e-8,
      "m11": 0,
      "m12": -0.042473021894693375,
      "m13": -0.009848035871982574,
      "m14": 4.091106620141005e-11,
      "m15": 1
    },
    {
      "__type__": "cc.Mat4",
      "m00": -1.4613624088610777e-8,
      "m01": -5.118122592406849e-10,
      "m02": 1,
      "m03": 0,
      "m04": -0.30133578181266785,
      "m05": -0.9535180926322937,
      "m06": -4.891630212000564e-9,
      "m07": 0,
      "m08": 0.9535180926322937,
      "m09": -0.30133578181266785,
      "m10": 1.378012814967633e-8,
      "m11": 0,
      "m12": -0.005687798839062452,
      "m13": 0.022578947246074677,
      "m14": 4.0911090487538715e-11,
      "m15": 1
    }
  ],
  "_hash": 967357493
}