{
  "__type__": "cc.Skeleton",
  "_name": "Skin-22",
  "_objFlags": 0,
  "_native": "",
  "_joints": [
    "Root_M/Tail0_M/Tail1_M/Tail2_M",
    "Root_M/Tail0_M/Tail1_M/Tail2_M/Tail3_M",
    "Root_M/Tail0_M/Tail1_M/Tail2_M/Tail3_M/Tail4_M",
    "Root_M/Tail0_M/Tail1_M/Tail2_M/Tail3_M/Tail4_M/Tail5_M",
    "Root_M/Tail0_M/Tail1_M/Tail2_M/Tail3_M/Tail4_M/Tail5_M/Tail6_M",
    "Root_M/RootPart1_M/RootPart2_M/Spine2_M/Chest_M/Neck_M/NeckPart1_M/Head_M",
    "Root_M/RootPart1_M/RootPart2_M/Spine2_M/Chest_M/Neck_M/NeckPart1_M/Head_M/HeadEnd_M"
  ],
  "_bindposes": [
    {
      "__type__": "cc.Mat4",
      "m00": 1.214845202213155e-8,
      "m01": 8.138500540155746e-9,
      "m02": -1,
      "m03": 0,
      "m04": 0.802428662776947,
      "m05": -0.5967480540275574,
      "m06": 4.891632432446613e-9,
      "m07": 0,
      "m08": -0.5967480540275574,
      "m09": -0.802428662776947,
      "m10": -1.3780130814211589e-8,
      "m11": 0,
      "m12": -0.023963987827301025,
      "m13": 0.002166526624932885,
      "m14": -1.0021428131778976e-10,
      "m15": 1
    },
    {
      "__type__": "cc.Mat4",
      "m00": 8.824719621713939e-9,
      "m01": 1.1659519572049248e-8,
      "m02": -1,
      "m03": 0,
      "m04": 0.9533108472824097,
      "m05": -0.3019908368587494,
      "m06": 4.891632432446613e-9,
      "m07": 0,
      "m08": -0.3019908368587494,
      "m09": -0.9533108472824097,
      "m10": -1.3780130814211589e-8,
      "m11": 0,
      "m12": -0.0263852309435606,
      "m13": -0.00682395463809371,
      "m14": -1.041348604569059e-10,
      "m15": 1
    },
    {
      "__type__": "cc.Mat4",
      "m00": 7.242136224050455e-9,
      "m01": 1.2703210039433088e-8,
      "m02": -1,
      "m03": 0,
      "m04": 0.9843685626983643,
      "m05": -0.17612075805664062,
      "m06": 4.891631988357403e-9,
      "m07": 0,
      "m08": -0.17612075805664062,
      "m09": -0.9843685626983643,
      "m10": -1.3780130814211589e-8,
      "m11": 0,
      "m12": -0.028065014630556107,
      "m13": -0.010543400421738625,
      "m14": -1.1071389638406259e-10,
      "m15": 1
    },
    {
      "__type__": "cc.Mat4",
      "m00": 4.554239652065917e-9,
      "m01": 1.3895285810860969e-8,
      "m02": -1,
      "m03": 0,
      "m04": 0.9997028112411499,
      "m05": 0.024378489702939987,
      "m06": 4.891632432446613e-9,
      "m07": 0,
      "m08": 0.024378489702939987,
      "m09": -0.9997028112411499,
      "m10": -1.3780130814211589e-8,
      "m11": 0,
      "m12": -0.028023043647408485,
      "m13": -0.01648310199379921,
      "m14": -1.180170128289859e-10,
      "m15": 1
    },
    {
      "__type__": "cc.Mat4",
      "m00": 4.554239652065917e-9,
      "m01": 1.3895285810860969e-8,
      "m02": -1,
      "m03": 0,
      "m04": 0.9997028112411499,
      "m05": 0.024378489702939987,
      "m06": 4.891632432446613e-9,
      "m07": 0,
      "m08": 0.024378489702939987,
      "m09": -0.9997028112411499,
      "m10": -1.3780130814211589e-8,
      "m11": 0,
      "m12": -0.031048893928527832,
      "m13": -0.01648310199379921,
      "m14": -1.277056793647091e-10,
      "m15": 1
    },
    {
      "__type__": "cc.Mat4",
      "m00": 4.328988278956558e-9,
      "m01": -1.3967098588807403e-8,
      "m02": 1,
      "m03": 0,
      "m04": 0.9991779923439026,
      "m05": -0.040538135915994644,
      "m06": -4.891630212000564e-9,
      "m07": 0,
      "m08": 0.040538135915994644,
      "m09": 0.9991779923439026,
      "m10": 1.378012814967633e-8,
      "m11": 0,
      "m12": -0.027377745136618614,
      "m13": -0.009848035871982574,
      "m14": 4.091108354864481e-11,
      "m15": 1
    },
    {
      "__type__": "cc.Mat4",
      "m00": 4.328988278956558e-9,
      "m01": -1.3967098588807403e-8,
      "m02": 1,
      "m03": 0,
      "m04": 0.9991779923439026,
      "m05": -0.040538135915994644,
      "m06": -4.891630212000564e-9,
      "m07": 0,
      "m08": 0.040538135915994644,
      "m09": 0.9991779923439026,
      "m10": 1.378012814967633e-8,
      "m11": 0,
      "m12": -0.042473021894693375,
      "m13": -0.009848035871982574,
      "m14": 4.091106620141005e-11,
      "m15": 1
    }
  ],
  "_hash": 2609429007
}