{
  "__type__": "cc.Skeleton",
  "_name": "Skin-0",
  "_objFlags": 0,
  "_native": "",
  "_joints": [
    "RootNode/Root_M/buttock_L"
  ],
  "_bindposes": [
    {
      "__type__": "cc.Mat4",
      "m00": 1,
      "m01": -5.348829891036063e-16,
      "m02": -1.6772099264983353e-9,
      "m03": 0,
      "m04": 5.335503945193385e-16,
      "m05": 1,
      "m06": -7.945150648502874e-10,
      "m07": 0,
      "m08": 1.6772099264983353e-9,
      "m09": 7.945150648502874e-10,
      "m10": 1,
      "m11": 0,
      "m12": -0.0003288911539129913,
      "m13": -0.15005150437355042,
      "m14": 0.06304767727851868,
      "m15": 1
    }
  ],
  "_hash": 1279062076
}