{
  "__type__": "cc.Skeleton",
  "_name": "Skin-1",
  "_objFlags": 0,
  "_native": "",
  "_joints": [
    "joint1/joint2/joint3/joint9"
  ],
  "_bindposes": [
    {
      "__type__": "cc.Mat4",
      "m00": 2.479021780224152e-19,
      "m01": 5.018241839553178e-22,
      "m02": -1,
      "m03": 0,
      "m04": -0.00404855003580451,
      "m05": 0.9999920129776001,
      "m06": -5.018240829811219e-22,
      "m07": 0,
      "m08": 0.9999920129776001,
      "m09": 0.00404855003580451,
      "m10": 2.4790215217302105e-19,
      "m11": 0,
      "m12": -0.03948742151260376,
      "m13": -0.14396008849143982,
      "m14": 0.034942761063575745,
      "m15": 1
    }
  ],
  "_hash": 1745921371
}