{
  "gizmos-infos": {
    "is2D": false,
    "is3DIcon": false,
    "iconSize": 2,
    "gridVisible": true,
    "gridColor": [
      150,
      150,
      150,
      255
    ],
    "isIconGizmo3D": false,
    "iconGizmoSize": 2,
    "isGridVisible": true
  },
  "float-window": {
    "position": {
      "cc": {
        "Camera": {
          "dock": false,
          "top": null,
          "bottom": 10,
          "left": null,
          "right": 10
        },
        "ParticleSystem": {
          "dock": false,
          "top": null,
          "bottom": 10,
          "left": null,
          "right": 10
        }
      }
    }
  },
  "camera": {
    "fov": 45,
    "far": 10000,
    "near": 0.01,
    "color": [
      255,
      255,
      255,
      255
    ],
    "wheelSpeed": 0.01,
    "wanderSpeed": 10,
    "enableAcceleration": true,
    "far2D": 10000,
    "near2D": 1,
    "wheelSpeed2D": 6
  },
  "camera-infos": {
    "f46876e4-e81b-4931-b493-6d367be385e7": {
      "position": {
        "x": 50,
        "y": 50,
        "z": 50
      },
      "rotation": {
        "x": -0.27984814233312133,
        "y": 0.3647051996310009,
        "z": 0.11591689595929514,
        "w": 0.8804762392171493
      },
      "viewCenter": {
        "x": 0,
        "y": 0,
        "z": 0
      }
    },
    "b5b1222f-90dc-4d3c-9ef5-2b0c86f67f74": {
      "position": {
        "x": 0.4589350093674599,
        "y": 3.9812516470860477,
        "z": 24.24575008826338
      },
      "rotation": {
        "x": -0.14178904096187192,
        "y": -0.056868600562306734,
        "z": -0.008156818835935619,
        "w": 0.9882283624950639
      },
      "viewCenter": {
        "x": 2.4083065726227564,
        "y": -0.9976195582592617,
        "z": 7.3644483590413685
      }
    },
    "f82590ab-7475-4b63-9a96-e8c0a6a65b85": {
      "position": {
        "x": 2.862181610313875,
        "y": 25.937243444506628,
        "z": 21.331534582648494
      },
      "rotation": {
        "x": -0.399559404464901,
        "y": 0.007721437113481239,
        "z": 0.0033656359481284495,
        "w": 0.9166686065352192
      },
      "viewCenter": {
        "x": 2.4312203447563085,
        "y": -1.5963940993379708,
        "z": -4.2479415578960005
      }
    },
    "c087d608-398b-42f6-b1d2-9da857d569b7": {
      "position": {
        "x": 169.7466111110333,
        "y": 274.23495328089894,
        "z": 5000
      },
      "rotation": {
        "x": 0,
        "y": 0,
        "z": 0,
        "w": 1
      },
      "viewCenter": {
        "x": -15.484167884065032,
        "y": 23.95334498002112,
        "z": -0.07287600024410303
      }
    },
    "640d53f3-904b-4e2a-a087-59554717e92c": {
      "position": {
        "x": -24.33206181944888,
        "y": 19.133023618768533,
        "z": 3.1095357288823386
      },
      "rotation": {
        "x": -0.214999123738364,
        "y": -0.637896410853247,
        "z": -0.1920480077634854,
        "w": 0.7141296127122294
      },
      "viewCenter": {
        "x": 29.15284654321181,
        "y": -16.50769254241336,
        "z": -2.9411315406815666
      }
    },
    "e0558939-7c4f-4c82-9000-64b115f108a7": {
      "position": {
        "x": 1.609,
        "y": 21.464377751099594,
        "z": 3.189
      },
      "rotation": {
        "x": -0.6427334506991034,
        "y": -0.28540766855512445,
        "z": -0.2808756505899912,
        "w": 0.653104159371229
      },
      "viewCenter": {
        "x": 1.861110249346576,
        "y": 0.002749388999955471,
        "z": 2.9556318119513616
      }
    },
    "e58d7841-8e3a-49d7-a2be-fdc1153ed9a1": {
      "position": {
        "x": 5.2951330410862125,
        "y": 14.742890993584767,
        "z": 5.165126440839393
      },
      "rotation": {
        "x": -0.4648059594198163,
        "y": 0.3102722728609475,
        "z": 0.1780611193084115,
        "w": 0.8099264007131375
      },
      "viewCenter": {
        "x": -5.435713180301065,
        "y": -12.744593461497528,
        "z": -6.7852059919390415
      }
    }
  },
  "camera-uuids": [
    "f82590ab-7475-4b63-9a96-e8c0a6a65b85"
  ]
}
