{
  "__type__": "cc.Skeleton",
  "_name": "Skin-5",
  "_objFlags": 0,
  "_native": "",
  "_joints": [
    "Root_M/fl2_M/flllll31_L/flllll32_L/flllll33_L/flllll34_L/flllll35_L/flllll29_L"
  ],
  "_bindposes": [
    {
      "__type__": "cc.Mat4",
      "m00": 1,
      "m01": 7.616170023538871e-7,
      "m02": -2.196470063609013e-7,
      "m03": 0,
      "m04": -7.616170023538871e-7,
      "m05": 1,
      "m06": 2.8381100136698478e-8,
      "m07": 0,
      "m08": 2.19647020571756e-7,
      "m09": -2.8380933159155575e-8,
      "m10": 1,
      "m11": 0,
      "m12": -0.025543859228491783,
      "m13": -0.23772263526916504,
      "m14": -0.010670199990272522,
      "m15": 1
    }
  ],
  "_hash": 141821648
}