{
  "__type__": "cc.Skeleton",
  "_name": "Skin-3",
  "_objFlags": 0,
  "_native": "",
  "_joints": [
    "Root_M/fl2_M/flllll31_L/flllll32_L/flllll33_L/flllll34_L/flllll35_L"
  ],
  "_bindposes": [
    {
      "__type__": "cc.Mat4",
      "m00": -6.375557859428227e-7,
      "m01": 6.324311385697001e-8,
      "m02": -1,
      "m03": 0,
      "m04": -0.9356679916381836,
      "m05": 0.3528810143470764,
      "m06": 6.188580528032617e-7,
      "m07": 0,
      "m08": 0.3528810143470764,
      "m09": 0.9356679916381836,
      "m10": -1.6580682427047577e-7,
      "m11": 0,
      "m12": 0.21079735457897186,
      "m13": -0.07037218660116196,
      "m14": -1.1102900998594123e-7,
      "m15": 1
    }
  ],
  "_hash": 1538595968
}