{
  "__type__": "cc.Skeleton",
  "_name": "Skin-6",
  "_objFlags": 0,
  "_native": "",
  "_joints": [
    "Root_M"
  ],
  "_bindposes": [
    {
      "__type__": "cc.Mat4",
      "m00": -4.294687627748317e-8,
      "m01": -4.775094877070441e-15,
      "m02": -1,
      "m03": 0,
      "m04": 0.9825109839439392,
      "m05": -0.1862030029296875,
      "m06": -4.2195800631361635e-8,
      "m07": 0,
      "m08": -0.1862030029296875,
      "m09": -0.9825109839439392,
      "m10": 7.996845852176193e-9,
      "m11": 0,
      "m12": 0,
      "m13": 0,
      "m14": 0,
      "m15": 1
    }
  ],
  "_hash": 583953408
}