{
  "gizmos-infos": {
    "is2D": true,
    "is3DIcon": false,
    "iconSize": 2,
    "gridVisible": true,
    "gridColor": [
      150,
      150,
      150,
      255
    ],
    "isIconGizmo3D": false,
    "iconGizmoSize": 2,
    "isGridVisible": true
  },
  "camera": {
    "fov": 45,
    "far": 10000,
    "near": 0.01,
    "color": [
      48,
      48,
      48,
      255
    ],
    "wheelSpeed": 0.01,
    "wanderSpeed": 10,
    "enableAcceleration": true,
    "far2D": 10000,
    "near2D": 1,
    "wheelSpeed2D": 6
  },
  "camera-infos": {
    "f46876e4-e81b-4931-b493-6d367be385e7": {
      "position": {
        "x": 160,
        "y": 240,
        "z": 5000
      },
      "rotation": {
        "x": 0,
        "y": 0,
        "z": 0,
        "w": 1
      },
      "viewCenter": {
        "x": 0,
        "y": 0,
        "z": 0
      }
    },
    "5c559fc5-46f2-45f5-83c0-75a657547a8b": {
      "position": {
        "x": 1.8686439909325612,
        "y": 1.0720574820994173,
        "z": 12.125921818479648
      },
      "rotation": {
        "x": -0.6297384125981415,
        "y": -0.001288235842442175,
        "z": -0.0010443424507312808,
        "w": 0.776805496873145
      },
      "viewCenter": {
        "x": 1.8785332747161758,
        "y": -13.030113931115332,
        "z": 9.14431820277314
      }
    },
    "e3479a6d-9487-4b1a-bd69-9f5a7e075b22": {
      "position": {
        "x": 50,
        "y": 50,
        "z": 50
      },
      "rotation": {
        "x": -0.27984814233312133,
        "y": 0.3647051996310009,
        "z": 0.11591689595929514,
        "w": 0.8804762392171493
      },
      "viewCenter": {
        "x": 0,
        "y": 0,
        "z": 0
      }
    },
    "e7973f3c-cbce-4a8a-9dbb-89db64b73708": {
      "position": {
        "x": 160,
        "y": 240,
        "z": 5000
      },
      "rotation": {
        "x": 0,
        "y": 0,
        "z": 0,
        "w": 1
      },
      "viewCenter": {
        "x": 0,
        "y": 0,
        "z": 0
      }
    },
    "af16e4e7-893a-44da-bcbc-f3e8caf49102": {
      "position": {
        "x": 50,
        "y": 50,
        "z": 50
      },
      "rotation": {
        "x": 0.37410159996514847,
        "y": -0.22165540094336217,
        "z": -0.09257351658084265,
        "w": -0.8957382542707495
      },
      "viewCenter": {
        "x": 21.609379960371875,
        "y": -11.594590491191205,
        "z": -3.8523826398417
      }
    },
    "ebd51a0a-1fc6-44ae-9eb9-c853cf9d0097": {
      "position": {
        "x": 1.179140132030145,
        "y": 0.5026619513389529,
        "z": -0.33105949493633385
      },
      "rotation": {
        "x": 0.0003848520381108879,
        "y": 0.6124498991396268,
        "z": -0.00029816550545556464,
        "w": 0.7905092561318312
      },
      "viewCenter": {
        "x": -1.725743064593519,
        "y": 0.505582994531619,
        "z": -1.08048933253295
      }
    },
    "0e84de07-b122-49a2-9ec0-a4bcaa0986ce": {
      "position": {
        "x": 19.661961040558097,
        "y": 19.661961040558115,
        "z": 19.661961040558133
      },
      "rotation": {
        "x": 0.27984814233312133,
        "y": -0.3647051996310009,
        "z": -0.11591689595929514,
        "w": -0.8804762392171493
      },
      "viewCenter": {
        "x": 0,
        "y": 0,
        "z": 0
      }
    },
    "0d2e18f7-bba4-4e98-bca9-ef8eb73d624e": {
      "position": {
        "x": 160,
        "y": 240,
        "z": 5000
      },
      "rotation": {
        "x": 0,
        "y": 0,
        "z": 0,
        "w": 1
      },
      "viewCenter": {
        "x": 0,
        "y": 0,
        "z": 0
      }
    },
    "98a1578d-4d41-44f3-b007-1bb3f1b24926": {
      "position": {
        "x": 131,
        "y": 254,
        "z": 5000
      },
      "rotation": {
        "x": 0,
        "y": 0,
        "z": 0,
        "w": 1
      },
      "viewCenter": {
        "x": 0,
        "y": 0,
        "z": 0
      }
    }
  },
  "camera-uuids": [
    "f46876e4-e81b-4931-b493-6d367be385e7"
  ],
  "float-window": {
    "position": {
      "cc": {
        "Camera": {
          "dock": false,
          "top": null,
          "bottom": 10,
          "left": null,
          "right": 10
        },
        "ParticleSystem": {
          "dock": false,
          "top": null,
          "bottom": 10,
          "left": null,
          "right": 10
        }
      }
    }
  }
}
