{
  "__type__": "cc.Skeleton",
  "_name": "Skin-3",
  "_objFlags": 0,
  "_native": "",
  "_joints": [
    "RootNode/Root_M/Body_M/Door_L"
  ],
  "_bindposes": [
    {
      "__type__": "cc.Mat4",
      "m00": 0.9998074769973755,
      "m01": 0.019620884209871292,
      "m02": -3.2879192532649093e-13,
      "m03": 0,
      "m04": 0.019620884209871292,
      "m05": -0.9998074769973755,
      "m06": 1.677770075647622e-11,
      "m07": 0,
      "m08": 4.646612049191462e-16,
      "m09": -1.678092213797111e-11,
      "m10": -1,
      "m11": 0,
      "m12": -0.02195485308766365,
      "m13": 0.0442381277680397,
      "m14": -0.09981141239404678,
      "m15": 1
    }
  ],
  "_hash": 2580214433
}