{
  "__type__": "cc.Skeleton",
  "_name": "Skin-3",
  "_objFlags": 0,
  "_native": "",
  "_joints": [
    "RootNode/Root_M/Spine1_M/Chest_M"
  ],
  "_bindposes": [
    {
      "__type__": "cc.Mat4",
      "m00": 6.121029330285018e-17,
      "m01": -6.287466010464568e-17,
      "m02": 1,
      "m03": 0,
      "m04": 0.9996399283409119,
      "m05": -0.026821397244930267,
      "m06": -6.287467995698038e-17,
      "m07": 0,
      "m08": 0.026821397244930267,
      "m09": 0.9996399283409119,
      "m10": 6.121031315518488e-17,
      "m11": 0,
      "m12": -2.030168056488037,
      "m13": 0.1376865655183792,
      "m14": 1.329242451379069e-16,
      "m15": 1
    }
  ],
  "_hash": 2765256130
}