{
  "gizmos-infos": {
    "is2D": true,
    "is3DIcon": false,
    "iconSize": 2,
    "gridVisible": true,
    "gridColor": [
      150,
      150,
      150,
      255
    ],
    "isIconGizmo3D": false,
    "iconGizmoSize": 2,
    "isGridVisible": true
  },
  "camera": {
    "fov": 45,
    "far": 10000,
    "near": 0.01,
    "color": [
      48,
      48,
      48,
      255
    ],
    "wheelSpeed": 0.01,
    "wanderSpeed": 10,
    "enableAcceleration": true,
    "far2D": 10000,
    "near2D": 1,
    "wheelSpeed2D": 6
  },
  "camera-infos": {
    "f46876e4-e81b-4931-b493-6d367be385e7": {
      "position": {
        "x": 50,
        "y": 50,
        "z": 50
      },
      "rotation": {
        "x": -0.27984814233312133,
        "y": 0.3647051996310009,
        "z": 0.11591689595929514,
        "w": 0.8804762392171493
      },
      "viewCenter": {
        "x": 0,
        "y": 0,
        "z": 0
      }
    },
    "5c559fc5-46f2-45f5-83c0-75a657547a8b": {
      "position": {
        "x": 1.8686439909325612,
        "y": 1.0720574820994173,
        "z": 12.125921818479648
      },
      "rotation": {
        "x": -0.6297384125981415,
        "y": -0.001288235842442175,
        "z": -0.0010443424507312808,
        "w": 0.776805496873145
      },
      "viewCenter": {
        "x": 1.8785332747161758,
        "y": -13.030113931115332,
        "z": 9.14431820277314
      }
    },
    "e3479a6d-9487-4b1a-bd69-9f5a7e075b22": {
      "position": {
        "x": 50,
        "y": 50,
        "z": 50
      },
      "rotation": {
        "x": -0.27984814233312133,
        "y": 0.3647051996310009,
        "z": 0.11591689595929514,
        "w": 0.8804762392171493
      },
      "viewCenter": {
        "x": 0,
        "y": 0,
        "z": 0
      }
    },
    "e7973f3c-cbce-4a8a-9dbb-89db64b73708": {
      "position": {
        "x": 178.31548535186334,
        "y": 444.3160763476632,
        "z": 5000
      },
      "rotation": {
        "x": 0,
        "y": 0,
        "z": 0,
        "w": 1
      },
      "viewCenter": {
        "x": 0,
        "y": 0,
        "z": 0
      }
    },
    "af16e4e7-893a-44da-bcbc-f3e8caf49102": {
      "position": {
        "x": 50,
        "y": 50,
        "z": 50
      },
      "rotation": {
        "x": 0.37410159996514847,
        "y": -0.22165540094336217,
        "z": -0.09257351658084265,
        "w": -0.8957382542707495
      },
      "viewCenter": {
        "x": 21.609379960371875,
        "y": -11.594590491191205,
        "z": -3.8523826398417
      }
    },
    "ebd51a0a-1fc6-44ae-9eb9-c853cf9d0097": {
      "position": {
        "x": 3.774835460865999,
        "y": 0.32850363262055277,
        "z": -0.7981625902940027
      },
      "rotation": {
        "x": 0.021146653285253864,
        "y": 0.7667558025240655,
        "z": -0.025286388730103516,
        "w": 0.641092003456212
      },
      "viewCenter": {
        "x": -1.7670176146089482,
        "y": 0.700334564967292,
        "z": 0.19911035496060708
      }
    },
    "789652c0-15c0-4f24-a994-f09d84d4e2ab": {
      "position": {
        "x": 159.5,
        "y": 240,
        "z": 5000
      },
      "rotation": {
        "x": 0,
        "y": 0,
        "z": 0,
        "w": 1
      },
      "viewCenter": {
        "x": 0,
        "y": 0,
        "z": 0
      }
    },
    "b56d3a42-c5e3-458d-b82b-6104930090fa": {
      "position": {
        "x": 160,
        "y": 240,
        "z": 5000
      },
      "rotation": {
        "x": 0,
        "y": 0,
        "z": 0,
        "w": 1
      },
      "viewCenter": {
        "x": 0,
        "y": 0,
        "z": 0
      }
    },
    "7b8982b3-6002-4263-8330-3009c1368597": {
      "position": {
        "x": 168.85044130492605,
        "y": 231.73942183967452,
        "z": 914.5545661762121
      },
      "rotation": {
        "x": 0,
        "y": 0,
        "z": 0,
        "w": 1
      },
      "viewCenter": {
        "x": -8.929723801903316,
        "y": 8.489183456989416,
        "z": 10.019439926053044
      }
    }
  },
  "camera-uuids": [
    "b56d3a42-c5e3-458d-b82b-6104930090fa"
  ],
  "float-window": {
    "position": {
      "cc": {
        "Camera": {
          "dock": false,
          "top": null,
          "bottom": 10,
          "left": null,
          "right": 10
        },
        "ParticleSystem": {
          "dock": false,
          "top": null,
          "bottom": 10,
          "left": null,
          "right": 10
        }
      }
    }
  }
}
