{
  "__type__": "cc.Skeleton",
  "_name": "Skin-1",
  "_objFlags": 0,
  "_native": "",
  "_joints": [
    "Root_M/Spine1_M/Spine2_M/Chest_M/Neck_M",
    "Root_M/Spine1_M/Spine2_M/Chest_M/Neck_M/Head_M",
    "Root_M/Spine1_M/Spine2_M/Chest_M/Neck_M/Head_M/cameraaaa_M"
  ],
  "_bindposes": [
    {
      "__type__": "cc.Mat4",
      "m00": 5.77289945070799e-17,
      "m01": -8.164706750283851e-17,
      "m02": 1,
      "m03": 0,
      "m04": 0.9427859783172607,
      "m05": -0.3333980143070221,
      "m06": -8.164708073772831e-17,
      "m07": 0,
      "m08": 0.3333980143070221,
      "m09": 0.9427859783172607,
      "m10": 5.77290011245248e-17,
      "m11": 0,
      "m12": -0.08397004008293152,
      "m13": 0.03224219009280205,
      "m14": 7.479988311344504e-18,
      "m15": 1
    },
    {
      "__type__": "cc.Mat4",
      "m00": 6.111446608324714e-17,
      "m01": -6.502970382836273e-17,
      "m02": 1,
      "m03": 0,
      "m04": 0.998075008392334,
      "m05": -0.062015801668167114,
      "m06": -6.502971044580763e-17,
      "m07": 0,
      "m08": 0.062015801668167114,
      "m09": 0.998075008392334,
      "m10": 6.111447931813694e-17,
      "m11": 0,
      "m12": -0.09534817188978195,
      "m13": 0.00633215019479394,
      "m14": 6.2389324287939375e-18,
      "m15": 1
    },
    {
      "__type__": "cc.Mat4",
      "m00": 6.111446608324714e-17,
      "m01": -6.502970382836273e-17,
      "m02": 1,
      "m03": 0,
      "m04": 0.998075008392334,
      "m05": -0.062015801668167114,
      "m06": -6.502971044580763e-17,
      "m07": 0,
      "m08": 0.062015801668167114,
      "m09": 0.998075008392334,
      "m10": 6.111447931813694e-17,
      "m11": 0,
      "m12": -0.10117804259061813,
      "m13": 0.01622169092297554,
      "m14": -2.82875003421168e-8,
      "m15": 1
    }
  ],
  "_hash": 1631358846
}