{
  "__type__": "cc.Skeleton",
  "_name": "Skin-2",
  "_objFlags": 0,
  "_native": "",
  "_joints": [
    "Root_M/Spine1_M/Spine2_M/Chest_M/Neck_M/Head_M/cameraaaa_M"
  ],
  "_bindposes": [
    {
      "__type__": "cc.Mat4",
      "m00": 6.111446608324714e-17,
      "m01": -6.502970382836273e-17,
      "m02": 1,
      "m03": 0,
      "m04": 0.998075008392334,
      "m05": -0.062015801668167114,
      "m06": -6.502971044580763e-17,
      "m07": 0,
      "m08": 0.062015801668167114,
      "m09": 0.998075008392334,
      "m10": 6.111447931813694e-17,
      "m11": 0,
      "m12": -0.10117804259061813,
      "m13": 0.01622169092297554,
      "m14": -2.82875003421168e-8,
      "m15": 1
    }
  ],
  "_hash": 2402082099
}