{
  "__type__": "cc.Skeleton",
  "_name": "Skin-1",
  "_objFlags": 0,
  "_native": "",
  "_joints": [
    "Root_M/RootPart1_M/RootPart2_M",
    "Root_M/RootPart1_M/RootPart2_M/Spine2_M",
    "Root_M/RootPart1_M/RootPart2_M/Spine2_M/Chest_M",
    "Root_M/RootPart1_M/RootPart2_M/Spine2_M/Chest_M/Neck_M",
    "Root_M/RootPart1_M/RootPart2_M/Spine2_M/Chest_M/Neck_M/NeckPart1_M",
    "Root_M/RootPart1_M/RootPart2_M/Spine2_M/Chest_M/Neck_M/NeckPart1_M/Head_M",
    "Root_M/RootPart1_M/RootPart2_M/Spine2_M/Chest_M/Neck_M/NeckPart1_M/Head_M/Jaw_M",
    "Root_M/RootPart1_M/RootPart2_M/Spine2_M/Chest_M/Scapula_R",
    "Root_M/RootPart1_M/RootPart2_M/Spine2_M/Chest_M/Scapula_R/Shoulder_R",
    "Root_M/RootPart1_M/RootPart2_M/Spine2_M/Chest_M/Scapula_L",
    "Root_M/RootPart1_M/RootPart2_M/Spine2_M/Chest_M/Scapula_L/Shoulder_L"
  ],
  "_bindposes": [
    {
      "__type__": "cc.Mat4",
      "m00": -1.4622564492583479e-8,
      "m01": 9.991857466201334e-14,
      "m02": 1,
      "m03": 0,
      "m04": -0.334526002407074,
      "m05": -0.9423869848251343,
      "m06": -4.891529403749928e-9,
      "m07": 0,
      "m08": 0.9423869848251343,
      "m09": -0.334526002407074,
      "m10": 1.3780135255103687e-8,
      "m11": 0,
      "m12": 0.005665639881044626,
      "m13": 0.012238300405442715,
      "m14": 1.4324269548282587e-10,
      "m15": 1
    },
    {
      "__type__": "cc.Mat4",
      "m00": -1.4058525898974494e-8,
      "m01": -4.020859645237351e-9,
      "m02": 1,
      "m03": 0,
      "m04": -0.06241219863295555,
      "m05": -0.9980499744415283,
      "m06": -4.890447158345523e-9,
      "m07": 0,
      "m08": 0.9980499744415283,
      "m09": -0.06241219863295555,
      "m10": 1.3780174334954154e-8,
      "m11": 0,
      "m12": 0.00009530929673928767,
      "m13": 0.012756559997797012,
      "m14": 1.432288870839571e-10,
      "m15": 1
    },
    {
      "__type__": "cc.Mat4",
      "m00": -1.3905882667586411e-8,
      "m01": -4.521021779169132e-9,
      "m02": 1,
      "m03": 0,
      "m04": -0.02671949937939644,
      "m05": -0.9996430277824402,
      "m06": -4.890965854542628e-9,
      "m07": 0,
      "m08": 0.9996430277824402,
      "m09": -0.02671949937939644,
      "m10": 1.3780117491535293e-8,
      "m11": 0,
      "m12": -0.005804460030049086,
      "m13": 0.012557229958474636,
      "m14": 1.432356594444073e-10,
      "m15": 1
    },
    {
      "__type__": "cc.Mat4",
      "m00": 2.6738802283432506e-9,
      "m01": -1.4375999946025786e-8,
      "m02": 1,
      "m03": 0,
      "m04": 0.987667977809906,
      "m05": -0.1565610021352768,
      "m06": -4.891629767911354e-9,
      "m07": 0,
      "m08": 0.1565610021352768,
      "m09": 0.987667977809906,
      "m10": 1.378009795161006e-8,
      "m11": 0,
      "m12": -0.016659319400787354,
      "m13": -0.006594500038772821,
      "m14": 1.432440138726676e-10,
      "m15": 1
    },
    {
      "__type__": "cc.Mat4",
      "m00": 2.6738802283432506e-9,
      "m01": -1.4375999946025786e-8,
      "m02": 1,
      "m03": 0,
      "m04": 0.987667977809906,
      "m05": -0.1565610021352768,
      "m06": -4.891629767911354e-9,
      "m07": 0,
      "m08": 0.1565610021352768,
      "m09": 0.987667977809906,
      "m10": 1.378009795161006e-8,
      "m11": 0,
      "m12": -0.02249862067401409,
      "m13": -0.006594500038772821,
      "m14": 1.1426301571582087e-10,
      "m15": 1
    },
    {
      "__type__": "cc.Mat4",
      "m00": 4.3289900553133975e-9,
      "m01": -1.3967099476985823e-8,
      "m02": 1,
      "m03": 0,
      "m04": 0.9991779923439026,
      "m05": -0.04053809866309166,
      "m06": -4.891631100178984e-9,
      "m07": 0,
      "m08": 0.04053809866309166,
      "m09": 0.9991779923439026,
      "m10": 1.378012903785475e-8,
      "m11": 0,
      "m12": -0.027377750724554062,
      "m13": -0.009848039597272873,
      "m14": 4.0910809462335607e-11,
      "m15": 1
    },
    {
      "__type__": "cc.Mat4",
      "m00": -1.4613597443258186e-8,
      "m01": -5.118049317687223e-10,
      "m02": 1,
      "m03": 0,
      "m04": -0.30133599042892456,
      "m05": -0.9535179734230042,
      "m06": -4.891618665681108e-9,
      "m07": 0,
      "m08": 0.9535179734230042,
      "m09": -0.30133599042892456,
      "m10": 1.3780104168858998e-8,
      "m11": 0,
      "m12": -0.005687799770385027,
      "m13": 0.022578949108719826,
      "m14": 4.0910826809570366e-11,
      "m15": 1
    },
    {
      "__type__": "cc.Mat4",
      "m00": -0.5131128430366516,
      "m01": -3.031340156667284e-8,
      "m02": -0.8583210110664368,
      "m03": 0,
      "m04": -0.8443281054496765,
      "m05": 0.17983601987361908,
      "m06": 0.5047469735145569,
      "m07": 0,
      "m08": 0.15435706079006195,
      "m09": 0.9836969971656799,
      "m10": -0.09227608889341354,
      "m11": 0,
      "m12": 0.00894182175397873,
      "m13": -0.009505600668489933,
      "m14": -0.009528659284114838,
      "m15": 1
    },
    {
      "__type__": "cc.Mat4",
      "m00": 7.749635599907378e-9,
      "m01": -1.1038293834531032e-8,
      "m02": -1,
      "m03": 0,
      "m04": -0.929023027420044,
      "m05": -0.3700230121612549,
      "m06": -3.11516501483311e-9,
      "m07": 0,
      "m08": -0.3700230121612549,
      "m09": 0.929023027420044,
      "m10": -1.312236275197165e-8,
      "m11": 0,
      "m12": 0.013529599644243717,
      "m13": -0.002738649956882,
      "m14": -0.005117619875818491,
      "m15": 1
    },
    {
      "__type__": "cc.Mat4",
      "m00": -0.5131128430366516,
      "m01": -1.3161886691648306e-8,
      "m02": -0.8583210110664368,
      "m03": 0,
      "m04": 0.8443281054496765,
      "m05": -0.17983601987361908,
      "m06": -0.5047469735145569,
      "m07": 0,
      "m08": -0.15435707569122314,
      "m09": -0.9836969971656799,
      "m10": 0.09227607399225235,
      "m11": 0,
      "m12": -0.00894182175397873,
      "m13": 0.009505600668489933,
      "m14": 0.009528658352792263,
      "m15": 1
    },
    {
      "__type__": "cc.Mat4",
      "m00": 5.493474564133294e-9,
      "m01": 4.893671601280403e-8,
      "m02": -1,
      "m03": 0,
      "m04": 0.9061650037765503,
      "m05": 0.4229229986667633,
      "m06": 2.567448653678639e-8,
      "m07": 0,
      "m08": 0.4229229986667633,
      "m09": -0.9061650037765503,
      "m10": -4.2021468971142895e-8,
      "m11": 0,
      "m12": -0.013664890080690384,
      "m13": 0.0019547499250620604,
      "m14": 0.005117619875818491,
      "m15": 1
    }
  ],
  "_hash": 3830142098
}