{
  "__type__": "cc.Skeleton",
  "_name": "Skin-0",
  "_objFlags": 0,
  "_native": "",
  "_joints": [
    "RootNode/Root_M/Spine1_M/Chest_M/Neck_M",
    "RootNode/Root_M/Spine1_M/Chest_M/Neck_M/Head_M",
    "RootNode/Root_M/Spine1_M/Chest_M/Neck_M/Head_M/Jaw_M",
    "RootNode/Root_M/Spine1_M/Chest_M/Neck_M/Head_M/HeadEnd_M",
    "RootNode/Root_M/Spine1_M/Chest_M/Neck_M/Head_M/Eye_R",
    "RootNode/Root_M/Spine1_M/Chest_M/Neck_M/Head_M/Eye_L",
    "RootNode/Root_M/Spine1_M/Chest_M/Neck_M/Head_M/Eye_L/EyeEnd_L",
    "RootNode/Root_M/Spine1_M/Chest_M/Neck_M/Head_M/Eye_R/EyeEnd_R"
  ],
  "_bindposes": [
    {
      "__type__": "cc.Mat4",
      "m00": 6.123123751596002e-17,
      "m01": -6.1595951374202e-17,
      "m02": 1,
      "m03": 0,
      "m04": 0.9999819993972778,
      "m05": -0.005938579794019461,
      "m06": -6.15959712265367e-17,
      "m07": 0,
      "m08": 0.005938579794019461,
      "m09": 0.9999819993972778,
      "m10": 6.123125736829472e-17,
      "m11": 0,
      "m12": -2.948751449584961,
      "m13": 0.0761200487613678,
      "m14": 1.8524450414284958e-16,
      "m15": 1
    },
    {
      "__type__": "cc.Mat4",
      "m00": 6.102078291579183e-17,
      "m01": -6.631816005514473e-17,
      "m02": 1,
      "m03": 0,
      "m04": 0.9965450167655945,
      "m05": -0.08305750042200089,
      "m06": -6.631814682025493e-17,
      "m07": 0,
      "m08": 0.08305750042200089,
      "m09": 0.9965450167655945,
      "m10": 6.102076968090203e-17,
      "m11": 0,
      "m12": -3.3838720321655273,
      "m13": 0.33815252780914307,
      "m14": 2.2891205689379356e-16,
      "m15": 1
    },
    {
      "__type__": "cc.Mat4",
      "m00": 1.5382176224780973e-17,
      "m01": 1.205011702425527e-16,
      "m02": 1,
      "m03": 0,
      "m04": -0.2512100040912628,
      "m05": -0.967932939529419,
      "m06": 1.205011173029935e-16,
      "m07": 0,
      "m08": 0.967932939529419,
      "m09": -0.2512100040912628,
      "m10": 1.5382169607336072e-17,
      "m11": 0,
      "m12": 0.8061805367469788,
      "m13": 3.138660192489624,
      "m14": -3.9061273763722803e-16,
      "m15": 1
    },
    {
      "__type__": "cc.Mat4",
      "m00": 6.102078291579183e-17,
      "m01": -6.631816005514473e-17,
      "m02": 1,
      "m03": 0,
      "m04": 0.9965450167655945,
      "m05": -0.08305750042200089,
      "m06": -6.631814682025493e-17,
      "m07": 0,
      "m08": 0.08305750042200089,
      "m09": 0.9965450167655945,
      "m10": 6.102076968090203e-17,
      "m11": 0,
      "m12": -4.182892799377441,
      "m13": 0.33815252780914307,
      "m14": 2.776689144640864e-16,
      "m15": 1
    },
    {
      "__type__": "cc.Mat4",
      "m00": -0.38625097274780273,
      "m01": 1.8271055779450762e-8,
      "m02": 0.9223939180374146,
      "m03": 0,
      "m04": -3.3063700279593487e-15,
      "m05": -1,
      "m06": 1.980830788284038e-8,
      "m07": 0,
      "m08": 0.9223939180374146,
      "m09": 7.65097141197657e-9,
      "m10": 0.38625097274780273,
      "m11": 0,
      "m12": -0.7280470132827759,
      "m13": 3.77567195892334,
      "m14": -0.0018342299154028296,
      "m15": 1
    },
    {
      "__type__": "cc.Mat4",
      "m00": 0.38625097274780273,
      "m01": -2.8580357007358843e-15,
      "m02": 0.9223939180374146,
      "m03": 0,
      "m04": 1.7015494568894951e-9,
      "m05": -1,
      "m06": -7.125242063032999e-10,
      "m07": 0,
      "m08": 0.9223939180374146,
      "m09": 1.8447111616026746e-9,
      "m10": -0.38625097274780273,
      "m11": 0,
      "m12": -0.7280470132827759,
      "m13": 3.77567195892334,
      "m14": 0.0018341700779274106,
      "m15": 1
    },
    {
      "__type__": "cc.Mat4",
      "m00": 0.38625097274780273,
      "m01": -2.8580357007358843e-15,
      "m02": 0.9223939180374146,
      "m03": 0,
      "m04": 1.7015494568894951e-9,
      "m05": -1,
      "m06": -7.125242063032999e-10,
      "m07": 0,
      "m08": 0.9223939180374146,
      "m09": 1.8447111616026746e-9,
      "m10": -0.38625097274780273,
      "m11": 0,
      "m12": -0.8319365382194519,
      "m13": 3.77567195892334,
      "m14": 0.0018341700779274106,
      "m15": 1
    },
    {
      "__type__": "cc.Mat4",
      "m00": -0.38625097274780273,
      "m01": 1.8271055779450762e-8,
      "m02": 0.9223939180374146,
      "m03": 0,
      "m04": -3.3063700279593487e-15,
      "m05": -1,
      "m06": 1.980830788284038e-8,
      "m07": 0,
      "m08": 0.9223939180374146,
      "m09": 7.65097141197657e-9,
      "m10": 0.38625097274780273,
      "m11": 0,
      "m12": -0.8319365382194519,
      "m13": 3.77567195892334,
      "m14": -0.0018342299154028296,
      "m15": 1
    }
  ],
  "_hash": 2286559670
}