{
  "__type__": "cc.Skeleton",
  "_name": "Skin-67",
  "_objFlags": 0,
  "_native": "",
  "_joints": [
    "Root_M/Tail0_M/Tail1_M",
    "Root_M/RootPart1_M/RootPart2_M",
    "Root_M/RootPart1_M/RootPart2_M/Spine2_M",
    "Root_M/RootPart1_M/RootPart2_M/Spine2_M/Chest_M",
    "Root_M/RootPart1_M/RootPart2_M/Spine2_M/Chest_M/Neck_M",
    "Root_M/RootPart1_M/RootPart2_M/Spine2_M/Chest_M/Neck_M/NeckPart1_M",
    "Root_M/RootPart1_M/RootPart2_M/Spine2_M/Chest_M/Neck_M/NeckPart1_M/Head_M",
    "Root_M/RootPart1_M/RootPart2_M/Spine2_M/Chest_M/Neck_M/NeckPart1_M/Head_M/Jaw_M",
    "Root_M/RootPart1_M/RootPart2_M/Spine2_M/Chest_M/Scapula_R",
    "Root_M/RootPart1_M/RootPart2_M/Spine2_M/Chest_M/Scapula_L",
    "Root_M/RootPart1_M/RootPart2_M/Spine2_M/Chest_M/Scapula_L/Shoulder_L"
  ],
  "_bindposes": [
    {
      "__type__": "cc.Mat4",
      "m00": 1.3683562727351273e-8,
      "m01": 5.1555959501570214e-9,
      "m02": -1,
      "m03": 0,
      "m04": 0.645307719707489,
      "m05": -0.7639226913452148,
      "m06": 4.891632432446613e-9,
      "m07": 0,
      "m08": -0.7639226913452148,
      "m09": -0.645307719707489,
      "m10": -1.3780130814211589e-8,
      "m11": 0,
      "m12": -0.019863201305270195,
      "m13": 0.0075710793025791645,
      "m14": -9.913098120151176e-11,
      "m15": 1
    },
    {
      "__type__": "cc.Mat4",
      "m00": -1.4622584032508712e-8,
      "m01": 8.187521053322554e-16,
      "m02": 1,
      "m03": 0,
      "m04": -0.3345257341861725,
      "m05": -0.9423866271972656,
      "m06": -4.891630212000564e-9,
      "m07": 0,
      "m08": 0.9423866271972656,
      "m09": -0.3345257341861725,
      "m10": 1.378012814967633e-8,
      "m11": 0,
      "m12": 0.005665640812367201,
      "m13": 0.01223829947412014,
      "m14": 1.4324413877275788e-10,
      "m15": 1
    },
    {
      "__type__": "cc.Mat4",
      "m00": -1.4058560537932863e-8,
      "m01": -4.0220435870708116e-9,
      "m02": 1,
      "m03": 0,
      "m04": -0.06241222470998764,
      "m05": -0.9980504512786865,
      "m06": -4.891628879732934e-9,
      "m07": 0,
      "m08": 0.9980504512786865,
      "m09": -0.06241222470998764,
      "m10": 1.378012814967633e-8,
      "m11": 0,
      "m12": 0.00009530926763545722,
      "m13": 0.012756561860442162,
      "m14": 1.4324412489497007e-10,
      "m15": 1
    },
    {
      "__type__": "cc.Mat4",
      "m00": -1.3905910201117422e-8,
      "m01": -4.521682139824179e-9,
      "m02": 1,
      "m03": 0,
      "m04": -0.02671949565410614,
      "m05": -0.9996429681777954,
      "m06": -4.891626659286885e-9,
      "m07": 0,
      "m08": 0.9996429681777954,
      "m09": -0.02671949565410614,
      "m10": 1.378012814967633e-8,
      "m11": 0,
      "m12": -0.005804456304758787,
      "m13": 0.012557227164506912,
      "m14": 1.4324409713939446e-10,
      "m15": 1
    },
    {
      "__type__": "cc.Mat4",
      "m00": 2.673881782655485e-9,
      "m01": -1.4376032808627315e-8,
      "m02": 1,
      "m03": 0,
      "m04": 0.9876683354377747,
      "m05": -0.15656070411205292,
      "m06": -4.891630212000564e-9,
      "m07": 0,
      "m08": 0.15656070411205292,
      "m09": 0.9876683354377747,
      "m10": 1.378012814967633e-8,
      "m11": 0,
      "m12": -0.016659321263432503,
      "m13": -0.006594500504434109,
      "m14": 1.4324415265054569e-10,
      "m15": 1
    },
    {
      "__type__": "cc.Mat4",
      "m00": 2.673881782655485e-9,
      "m01": -1.4376032808627315e-8,
      "m02": 1,
      "m03": 0,
      "m04": 0.9876683354377747,
      "m05": -0.15656070411205292,
      "m06": -4.891630212000564e-9,
      "m07": 0,
      "m08": 0.15656070411205292,
      "m09": 0.9876683354377747,
      "m10": 1.378012814967633e-8,
      "m11": 0,
      "m12": -0.022498616948723793,
      "m13": -0.006594500504434109,
      "m14": 1.1426250917656589e-10,
      "m15": 1
    },
    {
      "__type__": "cc.Mat4",
      "m00": 4.328988278956558e-9,
      "m01": -1.3967098588807403e-8,
      "m02": 1,
      "m03": 0,
      "m04": 0.9991779923439026,
      "m05": -0.040538135915994644,
      "m06": -4.891630212000564e-9,
      "m07": 0,
      "m08": 0.040538135915994644,
      "m09": 0.9991779923439026,
      "m10": 1.378012814967633e-8,
      "m11": 0,
      "m12": -0.027377745136618614,
      "m13": -0.009848035871982574,
      "m14": 4.091108354864481e-11,
      "m15": 1
    },
    {
      "__type__": "cc.Mat4",
      "m00": -1.4613624088610777e-8,
      "m01": -5.118122592406849e-10,
      "m02": 1,
      "m03": 0,
      "m04": -0.30133578181266785,
      "m05": -0.9535180926322937,
      "m06": -4.891630212000564e-9,
      "m07": 0,
      "m08": 0.9535180926322937,
      "m09": -0.30133578181266785,
      "m10": 1.378012814967633e-8,
      "m11": 0,
      "m12": -0.005687798839062452,
      "m13": 0.022578947246074677,
      "m14": 4.0911090487538715e-11,
      "m15": 1
    },
    {
      "__type__": "cc.Mat4",
      "m00": -0.5131125450134277,
      "m01": -5.8000400038338285e-9,
      "m02": -0.8583213686943054,
      "m03": 0,
      "m04": -0.8443278670310974,
      "m05": 0.1798357367515564,
      "m06": 0.5047470927238464,
      "m07": 0,
      "m08": 0.15435683727264404,
      "m09": 0.9836966395378113,
      "m10": -0.09227596968412399,
      "m11": 0,
      "m12": 0.008941823616623878,
      "m13": -0.009505602531135082,
      "m14": -0.00952865555882454,
      "m15": 1
    },
    {
      "__type__": "cc.Mat4",
      "m00": -0.513112485408783,
      "m01": 1.267577598440539e-8,
      "m02": -0.8583213686943054,
      "m03": 0,
      "m04": 0.8443278670310974,
      "m05": -0.1798357218503952,
      "m06": -0.5047470331192017,
      "m07": 0,
      "m08": -0.15435685217380524,
      "m09": -0.9836966395378113,
      "m10": 0.0922759473323822,
      "m11": 0,
      "m12": -0.008941823616623878,
      "m13": 0.009505602531135082,
      "m14": 0.00952865555882454,
      "m15": 1
    },
    {
      "__type__": "cc.Mat4",
      "m00": 5.493438148818086e-9,
      "m01": 4.893672667094506e-8,
      "m02": -1,
      "m03": 0,
      "m04": 0.9061654210090637,
      "m05": 0.42292341589927673,
      "m06": 2.56744510096496e-8,
      "m07": 0,
      "m08": 0.42292341589927673,
      "m09": -0.9061654210090637,
      "m10": -4.2021468971142895e-8,
      "m11": 0,
      "m12": -0.01366488914936781,
      "m13": 0.001954752951860428,
      "m14": 0.005117618944495916,
      "m15": 1
    }
  ],
  "_hash": 2191310211
}