{
  "__type__": "cc.Skeleton",
  "_name": "Skin-70",
  "_objFlags": 0,
  "_native": "",
  "_joints": [
    "Root_M/Tail0_M/Tail1_M",
    "Root_M/Tail0_M/Tail1_M/Tail2_M",
    "Root_M/Tail0_M/Tail1_M/Tail2_M/Tail3_M",
    "Root_M/Tail0_M/Tail1_M/Tail2_M/Tail3_M/Tail4_M",
    "Root_M/Tail0_M/Tail1_M/Tail2_M/Tail3_M/Tail4_M/Tail5_M",
    "Root_M/Tail0_M/Tail1_M/Tail2_M/Tail3_M/Tail4_M/Tail5_M/Tail6_M",
    "Root_M/RootPart1_M/RootPart2_M",
    "Root_M/RootPart1_M/RootPart2_M/Spine2_M",
    "Root_M/RootPart1_M/RootPart2_M/Spine2_M/Chest_M",
    "Root_M/RootPart1_M/RootPart2_M/Spine2_M/Chest_M/Neck_M/NeckPart1_M",
    "Root_M/RootPart1_M/RootPart2_M/Spine2_M/Chest_M/Scapula_L"
  ],
  "_bindposes": [
    {
      "__type__": "cc.Mat4",
      "m00": 1.3683562727351273e-8,
      "m01": 5.1555959501570214e-9,
      "m02": -1,
      "m03": 0,
      "m04": 0.645307719707489,
      "m05": -0.7639226913452148,
      "m06": 4.891632432446613e-9,
      "m07": 0,
      "m08": -0.7639226913452148,
      "m09": -0.645307719707489,
      "m10": -1.3780130814211589e-8,
      "m11": 0,
      "m12": -0.019863201305270195,
      "m13": 0.0075710793025791645,
      "m14": -9.913098120151176e-11,
      "m15": 1
    },
    {
      "__type__": "cc.Mat4",
      "m00": 1.214845202213155e-8,
      "m01": 8.138500540155746e-9,
      "m02": -1,
      "m03": 0,
      "m04": 0.802428662776947,
      "m05": -0.5967480540275574,
      "m06": 4.891632432446613e-9,
      "m07": 0,
      "m08": -0.5967480540275574,
      "m09": -0.802428662776947,
      "m10": -1.3780130814211589e-8,
      "m11": 0,
      "m12": -0.023963987827301025,
      "m13": 0.002166526624932885,
      "m14": -1.0021428131778976e-10,
      "m15": 1
    },
    {
      "__type__": "cc.Mat4",
      "m00": 8.824719621713939e-9,
      "m01": 1.1659519572049248e-8,
      "m02": -1,
      "m03": 0,
      "m04": 0.9533108472824097,
      "m05": -0.3019908368587494,
      "m06": 4.891632432446613e-9,
      "m07": 0,
      "m08": -0.3019908368587494,
      "m09": -0.9533108472824097,
      "m10": -1.3780130814211589e-8,
      "m11": 0,
      "m12": -0.0263852309435606,
      "m13": -0.00682395463809371,
      "m14": -1.041348604569059e-10,
      "m15": 1
    },
    {
      "__type__": "cc.Mat4",
      "m00": 7.242136224050455e-9,
      "m01": 1.2703210039433088e-8,
      "m02": -1,
      "m03": 0,
      "m04": 0.9843685626983643,
      "m05": -0.17612075805664062,
      "m06": 4.891631988357403e-9,
      "m07": 0,
      "m08": -0.17612075805664062,
      "m09": -0.9843685626983643,
      "m10": -1.3780130814211589e-8,
      "m11": 0,
      "m12": -0.028065014630556107,
      "m13": -0.010543400421738625,
      "m14": -1.1071389638406259e-10,
      "m15": 1
    },
    {
      "__type__": "cc.Mat4",
      "m00": 4.554239652065917e-9,
      "m01": 1.3895285810860969e-8,
      "m02": -1,
      "m03": 0,
      "m04": 0.9997028112411499,
      "m05": 0.024378489702939987,
      "m06": 4.891632432446613e-9,
      "m07": 0,
      "m08": 0.024378489702939987,
      "m09": -0.9997028112411499,
      "m10": -1.3780130814211589e-8,
      "m11": 0,
      "m12": -0.028023043647408485,
      "m13": -0.01648310199379921,
      "m14": -1.180170128289859e-10,
      "m15": 1
    },
    {
      "__type__": "cc.Mat4",
      "m00": 4.554239652065917e-9,
      "m01": 1.3895285810860969e-8,
      "m02": -1,
      "m03": 0,
      "m04": 0.9997028112411499,
      "m05": 0.024378489702939987,
      "m06": 4.891632432446613e-9,
      "m07": 0,
      "m08": 0.024378489702939987,
      "m09": -0.9997028112411499,
      "m10": -1.3780130814211589e-8,
      "m11": 0,
      "m12": -0.031048893928527832,
      "m13": -0.01648310199379921,
      "m14": -1.277056793647091e-10,
      "m15": 1
    },
    {
      "__type__": "cc.Mat4",
      "m00": -1.4622584032508712e-8,
      "m01": 8.187521053322554e-16,
      "m02": 1,
      "m03": 0,
      "m04": -0.3345257341861725,
      "m05": -0.9423866271972656,
      "m06": -4.891630212000564e-9,
      "m07": 0,
      "m08": 0.9423866271972656,
      "m09": -0.3345257341861725,
      "m10": 1.378012814967633e-8,
      "m11": 0,
      "m12": 0.005665640812367201,
      "m13": 0.01223829947412014,
      "m14": 1.4324413877275788e-10,
      "m15": 1
    },
    {
      "__type__": "cc.Mat4",
      "m00": -1.4058560537932863e-8,
      "m01": -4.0220435870708116e-9,
      "m02": 1,
      "m03": 0,
      "m04": -0.06241222470998764,
      "m05": -0.9980504512786865,
      "m06": -4.891628879732934e-9,
      "m07": 0,
      "m08": 0.9980504512786865,
      "m09": -0.06241222470998764,
      "m10": 1.378012814967633e-8,
      "m11": 0,
      "m12": 0.00009530926763545722,
      "m13": 0.012756561860442162,
      "m14": 1.4324412489497007e-10,
      "m15": 1
    },
    {
      "__type__": "cc.Mat4",
      "m00": -1.3905910201117422e-8,
      "m01": -4.521682139824179e-9,
      "m02": 1,
      "m03": 0,
      "m04": -0.02671949565410614,
      "m05": -0.9996429681777954,
      "m06": -4.891626659286885e-9,
      "m07": 0,
      "m08": 0.9996429681777954,
      "m09": -0.02671949565410614,
      "m10": 1.378012814967633e-8,
      "m11": 0,
      "m12": -0.005804456304758787,
      "m13": 0.012557227164506912,
      "m14": 1.4324409713939446e-10,
      "m15": 1
    },
    {
      "__type__": "cc.Mat4",
      "m00": 2.673881782655485e-9,
      "m01": -1.4376032808627315e-8,
      "m02": 1,
      "m03": 0,
      "m04": 0.9876683354377747,
      "m05": -0.15656070411205292,
      "m06": -4.891630212000564e-9,
      "m07": 0,
      "m08": 0.15656070411205292,
      "m09": 0.9876683354377747,
      "m10": 1.378012814967633e-8,
      "m11": 0,
      "m12": -0.022498616948723793,
      "m13": -0.006594500504434109,
      "m14": 1.1426250917656589e-10,
      "m15": 1
    },
    {
      "__type__": "cc.Mat4",
      "m00": -0.513112485408783,
      "m01": 1.267577598440539e-8,
      "m02": -0.8583213686943054,
      "m03": 0,
      "m04": 0.8443278670310974,
      "m05": -0.1798357218503952,
      "m06": -0.5047470331192017,
      "m07": 0,
      "m08": -0.15435685217380524,
      "m09": -0.9836966395378113,
      "m10": 0.0922759473323822,
      "m11": 0,
      "m12": -0.008941823616623878,
      "m13": 0.009505602531135082,
      "m14": 0.00952865555882454,
      "m15": 1
    }
  ],
  "_hash": 418846479
}