{
  "__type__": "cc.Skeleton",
  "_name": "Skin-1",
  "_objFlags": 0,
  "_native": "",
  "_joints": [
    "Root_M/Spine1_M/Spine2_M/Chest_M/Neck_M/Head_M"
  ],
  "_bindposes": [
    {
      "__type__": "cc.Mat4",
      "m00": 3.282074309790832e-19,
      "m01": -3.310828658846824e-19,
      "m02": 0.0011586538748815656,
      "m03": 0,
      "m04": 0.000010106120498676319,
      "m05": 0.0011586097534745932,
      "m06": 3.2820753437665978e-19,
      "m07": 0,
      "m08": -0.0011586097534745932,
      "m09": 0.000010106120498676319,
      "m10": 3.310827624871058e-19,
      "m11": 0,
      "m12": -0.3993249237537384,
      "m13": 0.023566102609038353,
      "m14": -1.0563289651693256e-16,
      "m15": 1
    }
  ],
  "_hash": 236964112
}