{
  "__type__": "cc.Skeleton",
  "_name": "Skin-9",
  "_objFlags": 0,
  "_native": "",
  "_joints": [
    "RootNode/Root_M/Spine1_M/Chest_M/Scapula_R/Shoulder_R",
    "RootNode/Root_M/Spine1_M/Chest_M/Scapula_R/Shoulder_R/Elbow_R",
    "RootNode/Root_M/Spine1_M/Chest_M/Scapula_R/Shoulder_R/Elbow_R/Wrist_R",
    "RootNode/Root_M/Spine1_M/Chest_M/Scapula_R/Shoulder_R/Elbow_R/Wrist_R/MiddleFinger4_R",
    "RootNode/Root_M/Spine1_M/Chest_M/Scapula_L/Shoulder_L",
    "RootNode/Root_M/Spine1_M/Chest_M/Scapula_L/Shoulder_L/Elbow_L",
    "RootNode/Root_M/Spine1_M/Chest_M/Scapula_L/Shoulder_L/Elbow_L/Wrist_L",
    "RootNode/Root_M/Spine1_M/Chest_M/Scapula_L/Shoulder_L/Elbow_L/Wrist_L/MiddleFinger4_L"
  ],
  "_bindposes": [
    {
      "__type__": "cc.Mat4",
      "m00": 0.0030515240505337715,
      "m01": -0.007589239161461592,
      "m02": -0.9999669194221497,
      "m03": 0,
      "m04": -0.9949739575386047,
      "m05": -0.10011299699544907,
      "m06": -0.002276479732245207,
      "m07": 0,
      "m08": -0.10009242594242096,
      "m09": 0.9949470162391663,
      "m10": -0.00785659346729517,
      "m11": 0,
      "m12": 1.6683568954467773,
      "m13": 0.1499955952167511,
      "m14": -1.822776198387146,
      "m15": 1
    },
    {
      "__type__": "cc.Mat4",
      "m00": 0.0013573472388088703,
      "m01": -0.008066341280937195,
      "m02": -0.9999669194221497,
      "m03": 0,
      "m04": -0.9933568835258484,
      "m05": 0.11505499482154846,
      "m06": -0.0022764799650758505,
      "m07": 0,
      "m08": 0.11506960541009903,
      "m09": 0.9933260083198547,
      "m10": -0.007856588810682297,
      "m11": 0,
      "m12": 0.9162412285804749,
      "m13": -0.04710179194808006,
      "m14": -1.822776198387146,
      "m15": 1
    },
    {
      "__type__": "cc.Mat4",
      "m00": 0.00651412783190608,
      "m01": -0.9627282023429871,
      "m02": 0.27039405703544617,
      "m03": 0,
      "m04": -0.9999759197235107,
      "m05": -0.005658842157572508,
      "m06": 0.003942590206861496,
      "m07": 0,
      "m08": -0.002265523187816143,
      "m09": -0.270413339138031,
      "m10": -0.9627419710159302,
      "m11": 0,
      "m12": 0.4931172728538513,
      "m13": -1.7593095302581787,
      "m14": 0.4689571261405945,
      "m15": 1
    },
    {
      "__type__": "cc.Mat4",
      "m00": 0.00651412783190608,
      "m01": -0.9627282023429871,
      "m02": 0.27039405703544617,
      "m03": 0,
      "m04": -0.9999759197235107,
      "m05": -0.005658842157572508,
      "m06": 0.003942590206861496,
      "m07": 0,
      "m08": -0.002265523187816143,
      "m09": -0.270413339138031,
      "m10": -0.9627419710159302,
      "m11": 0,
      "m12": -0.8581328392028809,
      "m13": -1.7593095302581787,
      "m14": 0.4689571261405945,
      "m15": 1
    },
    {
      "__type__": "cc.Mat4",
      "m00": 0.0030515240505337715,
      "m01": -0.007589239161461592,
      "m02": -0.9999669194221497,
      "m03": 0,
      "m04": 0.9949739575386047,
      "m05": 0.10011299699544907,
      "m06": 0.002276479732245207,
      "m07": 0,
      "m08": 0.10009242594242096,
      "m09": -0.9949470162391663,
      "m10": 0.00785659346729517,
      "m11": 0,
      "m12": -1.6683568954467773,
      "m13": -0.1499955803155899,
      "m14": 1.822776198387146,
      "m15": 1
    },
    {
      "__type__": "cc.Mat4",
      "m00": 0.0013573437463492155,
      "m01": -0.008066379465162754,
      "m02": -0.9999669194221497,
      "m03": 0,
      "m04": 0.9933568835258484,
      "m05": -0.11505499482154846,
      "m06": 0.002276480896398425,
      "m07": 0,
      "m08": -0.11506960541009903,
      "m09": -0.9933260083198547,
      "m10": 0.00785662792623043,
      "m11": 0,
      "m12": -0.9162412285804749,
      "m13": 0.04710184782743454,
      "m14": 1.822776198387146,
      "m15": 1
    },
    {
      "__type__": "cc.Mat4",
      "m00": 0.006514137145131826,
      "m01": -0.9627282023429871,
      "m02": 0.27039405703544617,
      "m03": 0,
      "m04": 0.9999759197235107,
      "m05": 0.005658852867782116,
      "m06": -0.003942590206861496,
      "m07": 0,
      "m08": 0.002265520393848419,
      "m09": 0.270413339138031,
      "m10": 0.9627419710159302,
      "m11": 0,
      "m12": -0.4931173324584961,
      "m13": 1.7593092918395996,
      "m14": -0.46895721554756165,
      "m15": 1
    },
    {
      "__type__": "cc.Mat4",
      "m00": 0.006514137145131826,
      "m01": -0.9627282023429871,
      "m02": 0.27039405703544617,
      "m03": 0,
      "m04": 0.9999759197235107,
      "m05": 0.005658852867782116,
      "m06": -0.003942590206861496,
      "m07": 0,
      "m08": 0.002265520393848419,
      "m09": 0.270413339138031,
      "m10": 0.9627419710159302,
      "m11": 0,
      "m12": 0.8581328392028809,
      "m13": 1.7593092918395996,
      "m14": -0.46895724534988403,
      "m15": 1
    }
  ],
  "_hash": 3888039295
}